epoch,loss,hidden_size
0,0.3698454797267914,32
1,0.1398860365152359,32
2,0.02454117126762867,32
3,0.0034636138007044792,32
4,0.04244568943977356,32
5,0.07837705314159393,32
6,0.07941358536481857,32
7,0.05587656423449516,32
8,0.027511058375239372,32
9,0.0079332385212183,32
10,0.0014299624599516392,32
11,0.005686520133167505,32
12,0.015066913329064846,32
13,0.02398328296840191,32
14,0.02883811481297016,32
15,0.02844308875501156,32
16,0.02355766110122204,32
17,0.016155226156115532,32
18,0.008680053055286407,32
19,0.0033398382365703583,32
20,0.0014525389997288585,32
21,0.002989628352224827,32
22,0.006569046061486006,32
23,0.010076742619276047,32
24,0.011706759221851826,32
25,0.010809184983372688,32
26,0.008027059026062489,32
27,0.004744531121104956,32
28,0.0022946528624743223,32
29,0.0013830295065417886,32
30,0.0019336022669449449,32
31,0.003303063800558448,32
32,0.004667588043957949,32
33,0.005380651447921991,32
34,0.005181136541068554,32
35,0.004217625595629215,32
36,0.0029258262366056442,32
37,0.0018218241166323423,32
38,0.0012837853282690048,32
39,0.001402215682901442,32
40,0.0019625688437372446,32
41,0.002573383040726185,32
42,0.002876135054975748,32
43,0.0027218027971684933,32
44,0.0022172019816935062,32
45,0.001629456295631826,32
46,0.0012223714729771018,32
47,0.0011247344082221389,32
48,0.001292375149205327,32
49,0.001562543329782784,32
50,0.0017547754105180502,32
51,0.001760462298989296,32
52,0.001582486554980278,32
53,0.0013157675275579095,32
54,0.0010869173565879464,32
55,0.0009858019184321165,32
56,0.0010237033711746335,32
57,0.0011371184373274446,32
58,0.0012320713140070438,32
59,0.0012404589215293527,32
60,0.001154607511125505,32
61,0.0010221925331279635,32
62,0.0009098955779336393,32
63,0.0008621357847005129,32
64,0.0008797110640443861,32
65,0.000926957291085273,32
66,0.0009582974598743021,32
67,0.000945781241171062,32
68,0.000891914707608521,32
69,0.0008232509717345238,32
70,0.0007712037768214941,32
71,0.0007527999696321785,32
72,0.0007625760626979172,32
73,0.0007791499956510961,32
74,0.0007808564696460962,32
75,0.0007592546171508729,32
76,0.5485504269599915,16
77,0.32181283831596375,16
78,0.15646110475063324,16
79,0.056203968822956085,16
80,0.01606925018131733,16
81,0.022180328145623207,16
82,0.052620429545640945,16
83,0.08364057540893555,16
84,0.10007304698228836,16
85,0.09871284663677216,16
86,0.08395081758499146,16
87,0.0627748966217041,16
88,0.04177156463265419,16
89,0.025701772421598434,16
90,0.016964372247457504,16
91,0.015624198131263256,16
92,0.019900741055607796,16
93,0.026999937370419502,16
94,0.034048907458782196,16
95,0.038847703486680984,16
96,0.040259622037410736,16
97,0.03823466598987579,16
98,0.033575933426618576,16
99,0.02758135087788105,16
100,0.021662160754203796,16
101,0.01700477860867977,16
102,0.014323731884360313,16
103,0.013742886483669281,16
104,0.014828010462224483,16
105,0.01676320657134056,16
106,0.01862136647105217,16
107,0.019644295796751976,16
108,0.019442766904830933,16
109,0.018059978261590004,16
110,0.015895487740635872,16
111,0.013533198274672031,16
112,0.011539594270288944,16
113,0.010295619256794453,16
114,0.009905954822897911,16
115,0.010202169418334961,16
116,0.010828792117536068,16
117,0.011378339491784573,16
118,0.011528987437486649,16
119,0.011140401475131512,16
120,0.010279402136802673,16
121,0.009172670543193817,16
122,0.008108689449727535,16
123,0.007326897699385881,16
124,0.006934709381312132,16
125,0.006881152745336294,16
126,0.006994056049734354,16
127,0.007062400691211224,16
128,0.006927191279828548,16
129,0.006542359013110399,16
130,0.005981924012303352,16
131,0.005394564941525459,16
132,0.00492926174774766,16
133,0.004666841588914394,16
134,0.004588269628584385,16
135,0.004592747427523136,16
136,0.00455492502078414,16
137,0.004390579182654619,16
138,0.004095891024917364,16
139,0.0037406552582979202,16
140,0.0034223052207380533,16
141,0.0032093063928186893,16
142,0.003106532385572791,16
143,0.0030603157356381416,16
144,0.002996619790792465,16
145,0.0028669037856161594,16
146,0.0026738932356238365,16
147,0.002463601529598236,16
148,0.002291428856551647,16
149,0.002185662742704153,16
150,0.002131890272721648,16
151,0.002087120432406664,16
152,0.0020119533874094486,16
153,0.0018970821984112263,16
154,0.0017658588476479053,16
155,0.0016533603193238378,16
156,0.001579544972628355,16
157,0.001536751165986061,16
158,0.001499098027125001,16
159,0.0014441842213273048,16
160,0.0013693571090698242,16
161,0.001290871063247323,16
162,0.0012285015545785427,16
163,0.0011892617912963033,16
164,0.0011633060639724135,16
165,0.0011340276105329394,16
166,0.0010925513925030828,16
167,0.001043899217620492,16
168,0.0010006213560700417,16
169,0.0009708601864986122,16
170,0.000951901194639504,16
171,0.0009340789401903749,16
172,0.0009102004114538431,16
173,0.0008814182365313172,16
174,0.0008548317709937692,16
175,0.000836032151710242,16
176,0.0008240785100497305,16
177,0.0008132321527227759,16
178,0.0007989399018697441,16
179,0.0007818634039722383,16
180,0.0007663434371352196,16
181,0.16386397182941437,16
182,0.07320095598697662,16
183,0.015549481846392155,16
184,0.0011530701303854585,16
185,0.023671241477131844,16
186,0.04410702735185623,16
187,0.04022112488746643,16
188,0.022561296820640564,16
189,0.006448089610785246,16
190,0.0006073920521885157,16
191,0.0054174805991351604,16
192,0.013782443478703499,16
193,0.018183983862400055,16
194,0.016941694542765617,16
195,0.011937414295971394,16
196,0.006112638860940933,16
197,0.001999146305024624,16
198,0.0008745582308620214,16
199,0.002417077776044607,16
200,0.00499948812648654,16
201,0.006677901837974787,16
202,0.006386583670973778,16
203,0.004463484510779381,16
204,0.0022029124666005373,16
205,0.0009429643396288157,16
206,0.0012873708037659526,16
207,0.0026449195574969053,16
208,0.0036056991666555405,16
209,0.00344657339155674,16
210,0.0024470235221087933,16
211,0.0013360674493014812,16
212,0.0007398652378469706,16
213,0.0008367804693989456,16
214,0.0013414232525974512,16
215,0.0017740890616551042,16
216,0.0018012403743341565,16
217,0.0014200974255800247,16
218,0.0008968287147581577,16
219,0.0005437839427031577,16
220,0.0005106545286253095,16
221,0.0007197377271950245,16
222,0.0009573035058565438,16
223,0.0010335209080949426,16
224,0.000898163765668869,16
225,0.0006483669276349247,16
226,0.0004423857608344406,16
227,0.00038740929448977113,16
228,0.0004757235001306981,16
229,0.0006058726576156914,16
230,0.0006660353974439204,16
231,0.0006140673067420721,16
232,0.0004963208339177072,16
233,0.00039963272865861654,16
234,0.00038194144144654274,16
235,0.00043560858466662467,16
236,0.0005040912074036896,16
237,0.0005306027014739811,16
238,0.0004986972780898213,16
239,0.00043741270201280713,16
240,0.0007821058388799429,16
241,0.022312607616186142,16
242,0.0017434041947126389,16
243,0.004850049503147602,16
244,0.012338201515376568,16
245,0.01016759593039751,16
246,0.003713506506755948,16
247,0.0004560390370897949,16
248,0.002820733468979597,16
249,0.006296547129750252,16
250,0.005991464015096426,16
251,0.002871366450563073,16
252,0.0006089281523600221,16
253,0.001002105767838657,16
254,0.00282258540391922,16
255,0.003801087848842144,16
256,0.003032771637663245,16
257,0.0014146397588774562,16
258,0.00046883165487088263,16
259,0.0008901043329387903,16
260,0.0019266563467681408,16
261,0.002284240210428834,16
262,0.0016098861815407872,16
263,0.0007061348878778517,16
264,0.00045776122715324163,16
265,0.0009165336959995329,16
266,0.0014203045284375548,16
267,0.0013953413581475616,16
268,0.0009045255137607455,16
269,0.00047564806300215423,16
270,0.0005032781045883894,16
271,0.0008447380387224257,16
272,0.001031458959914744,16
273,0.000842248264234513,16
274,0.0005212725955061615,16
275,0.0004210126935504377,16
276,0.0005849767476320267,16
277,0.0007555098854936659,16
278,0.0007155781495384872,16
279,0.0005241709877736866,16
280,0.0004064188105985522,16
281,0.0004702283476945013,16
282,0.000592113530728966,16
283,0.000597343547269702,16
284,0.00048422793042846024,16
285,0.0003993271675426513,16
286,0.0004298578714951873,16
287,0.0005056174704805017,16
288,0.0005134866805747151,16
289,0.00044537748908624053,16
290,0.0003914879052899778,16
291,0.00041047565173357725,16
292,0.0004574644553940743,16
293,0.14533065259456635,16
294,0.02583751268684864,16
295,0.0024562759790569544,16
296,0.030535468831658363,16
297,0.05244949460029602,16
298,0.049724776297807693,16
299,0.03213118389248848,16
300,0.013252826407551765,16
301,0.002515821484848857,16
302,0.0028979929629713297,16
303,0.010774783790111542,16
304,0.018921753391623497,16
305,0.021700134500861168,16
306,0.018175261095166206,16
307,0.011246178299188614,16
308,0.004906174261122942,16
309,0.0019159127259626985,16
310,0.002752810250967741,16
311,0.0058944011107087135,16
312,0.009015543386340141,16
313,0.010317390784621239,16
314,0.009281588718295097,16
315,0.006640457082539797,16
316,0.003795571392402053,16
317,0.0020496840588748455,16
318,0.0019795645494014025,16
319,0.0032111804466694593,16
320,0.004715966060757637,16
321,0.005466314032673836,16
322,0.005032308399677277,16
323,0.0037439786829054356,16
324,0.002376331016421318,16
325,0.0016266574384644628,16
326,0.0017250393284484744,16
327,0.0023781643249094486,16
328,0.003024483099579811,16
329,0.003204282373189926,16
330,0.0028128549456596375,16
331,0.002109037945047021,16
332,0.0015089517692103982,16
333,0.0013101247604936361,16
334,0.0015176574233919382,16
335,0.001874924055300653,16
336,0.002066056476905942,16
337,0.0019382284954190254,16
338,0.0015846278984099627,16
339,0.001244229613803327,16
340,0.0011128977639600635,16
341,0.0012117987498641014,16
342,0.0013984831748530269,16
343,0.001492976793088019,16
344,0.001412878860719502,16
345,0.0012189325643703341,16
346,0.0010495446622371674,16
347,0.001005986356176436,16
348,0.001079991227015853,16
349,0.0011750198900699615,16
350,0.0011946485610678792,16
351,0.0011195983970537782,16
352,0.001011829823255539,16
353,0.0009515878628008068,16
354,0.0009684490505605936,16
355,0.001024480676278472,16
356,0.0010562075767666101,16
357,0.0010318596614524722,16
358,0.0009733709739521146,16
359,0.000929258472751826,16
360,0.0009807901224121451,20
361,0.05290025472640991,20
362,0.004265191964805126,20
363,0.01315818540751934,20
364,0.030471010133624077,20
365,0.020832596346735954,20
366,0.005457350984215736,20
367,0.001272920286282897,20
368,0.008002609945833683,20
369,0.014492115005850792,20
370,0.01363071147352457,20
371,0.007509715389460325,20
372,0.0020980089902877808,20
373,0.0014322915812954307,20
374,0.004754501860588789,20
375,0.007860603742301464,20
376,0.007617557886987925,20
377,0.004632072057574987,20
378,0.0017792327562347054,20
379,0.0012353711063042283,20
380,0.0028063913341611624,20
381,0.0045402077957987785,20
382,0.0047375853173434734,20
383,0.003351930296048522,20
384,0.0017051785252988338,20
385,0.0011394215980544686,20
386,0.0018574163550511003,20
387,0.002880911808460951,20
388,0.0031069733668118715,20
389,0.0023631455842405558,20
390,0.001418080530129373,20
391,0.0011049178428947926,20
392,0.0015311271417886019,20
393,0.0020930601749569178,20
394,0.0021633137948811054,20
395,0.0016950896242633462,20
396,0.0011764810187742114,20
397,0.00107552797999233,20
398,0.001376249361783266,20
399,0.0016578368376940489,20
400,0.00158702430780977,20
401,0.0012566562509164214,20
402,0.0010227373568341136,20
403,0.0010840236209332943,20
404,0.0012927844654768705,20
405,0.0013679993571713567,20
406,0.0012223826488479972,20
407,0.0010289093479514122,20
408,0.0009893098613247275,20
409,0.0011012863833457232,20
410,0.001189841190353036,20
411,0.001136456965468824,20
412,0.0010105273686349392,20
413,0.0009577835444360971,20
414,0.001013626460917294,20
415,0.0010776646668091416,20
416,0.0010569794103503227,20
417,0.0009786782320588827,20
418,0.0009376727975904942,20
419,0.0009675212204456329,20
420,0.0010071214055642486,20
421,0.1328631043434143,70
422,0.008388875052332878,70
423,0.08403512835502625,70
424,0.04668653383851051,70
425,0.0038145154248923063,70
426,0.009522705338895321,70
427,0.032409898936748505,70
428,0.03467699885368347,70
429,0.018756700679659843,70
430,0.003676942316815257,70
431,0.0016120843356475234,70
432,0.00992446206510067,70
433,0.016920218244194984,70
434,0.015299003571271896,70
435,0.007825088687241077,70
436,0.0016328549245372415,70
437,0.0009272010647691786,70
438,0.004496944602578878,70
439,0.008114787749946117,70
440,0.008562304079532623,70
441,0.005794417578727007,70
442,0.002224533585831523,70
443,0.00045974631211720407,70
444,0.001318361726589501,70
445,0.0034276917576789856,70
446,0.004628172144293785,70
447,0.003903244622051716,70
448,0.0020393847953528166,70
449,0.0006247672135941684,70
450,0.0005875601200386882,70
451,0.0015763008268550038,70
452,0.002491951687261462,70
453,0.0025093660224229097,70
454,0.0016844402998685837,70
455,0.000754469190724194,70
456,0.0004314797406550497,70
457,0.0008163161692209542,70
458,0.0013958460185676813,70
459,0.001574156922288239,70
460,0.0012114240089431405,70
461,0.0006740878452546895,70
462,0.0004217997775413096,70
463,0.0005844603292644024,70
464,0.0009076589485630393,70
465,0.0010448148241266608,70
466,0.000877307029440999,70
467,0.0005805111723020673,70
468,0.0004202882410027087,70
469,0.0004979316145181656,70
470,0.0006799934199079871,70
471,0.0007576542557217181,70
472,0.0006571980193257332,70
473,0.0004895656020380557,70
474,0.00041266129119321704,70
475,0.0004706202307716012,70
476,0.0005706055089831352,70
477,0.0005961370188742876,70
478,0.0005243454943411052,70
479,0.00043305038707330823,70
480,0.00040762106073088944,70
481,0.00045392231550067663,70
482,0.0005043307319283485,70
483,0.0004987422144040465,70
484,0.0009709411533549428,45
485,0.042093075811862946,45
486,0.0027241024654358625,45
487,0.009608715772628784,45
488,0.022111207246780396,45
489,0.017155682668089867,45
490,0.006281064823269844,45
491,0.000662724138237536,45
492,0.0033928698394447565,45
493,0.008792880922555923,45
494,0.009787008166313171,45
495,0.0060462793335318565,45
496,0.00187002366874367,45
497,0.0006524762138724327,45
498,0.0023848083801567554,45
499,0.004674960859119892,45
500,0.005330963991582394,45
501,0.003983925562351942,45
502,0.0018784787971526384,45
503,0.0006393548101186752,45
504,0.0009974451968446374,45
505,0.0022636884823441505,45
506,0.003045220160856843,45
507,0.0026114725042134523,45
508,0.0014623238239437342,45
509,0.0006368390168063343,45
510,0.0006925645866431296,45
511,0.00133139593526721,45
512,0.0018293957691639662,45
513,0.0017256640130653977,45
514,0.0011524184374138713,45
515,0.0006259350921027362,45
516,0.0005541202845051885,45
517,0.0008848455036059022,45
518,0.0012002583825960755,45
519,0.0011604618048295379,45
520,0.000825571536552161,45
521,0.000533160928171128,45
522,0.0005222890758886933,45
523,0.0007220416446216404,45
524,0.0008760789060033858,45
525,0.0008190918597392738,45
526,0.0006184999947436154,45
527,0.00047341559547930956,45
528,0.0005001052049919963,45
529,0.0006244119140319526,45
530,0.0006828878540545702,45
531,0.0006083165644668043,45
532,0.000487334793433547,45
533,0.0004424606158863753,45
534,0.0004947676789015532,45
535,0.0005590151995420456,45
536,0.00055295618949458,45
537,0.0004847886157222092,45
538,0.00043008438660763204,45
539,0.0004385246429592371,45
540,0.00048164924373850226,45
541,0.023574713617563248,20
542,0.007571087218821049,20
543,0.01941715180873871,20
544,0.0078152259811759,20
545,0.0012707554269582033,20
546,0.0068267700262367725,20
547,0.0104666817933321,20
548,0.006425600498914719,20
549,0.0017581639112904668,20
550,0.0020329286344349384,20
551,0.00521460035815835,20
552,0.006199733354151249,20
553,0.0039627449586987495,20
554,0.0015219497727230191,20
555,0.0014969382900744677,20
556,0.003218612400814891,20
557,0.004051300697028637,20
558,0.002967917127534747,20
559,0.0014441530220210552,20
560,0.0011995778186246753,20
561,0.0021488163620233536,20
562,0.0028091073036193848,20
563,0.0023212493397295475,20
564,0.0013639202807098627,20
565,0.0010767970234155655,20
566,0.0016111218137666583,20
567,0.002074086805805564,20
568,0.0018123448826372623,20
569,0.0012132333358749747,20
570,0.00103886635042727,20
571,0.0013843753840774298,20
572,0.001654940308071673,20
573,0.0014557724352926016,20
574,0.0010849686805158854,20
575,0.0010281535796821117,20
576,0.001271177432499826,20
577,0.0013893779832869768,20
578,0.0012032239465042949,20
579,0.0009953498374670744,20
580,0.001035881694406271,20
581,0.001195924705825746,20
582,0.0011957651004195213,20
583,0.0010375062702223659,20
584,0.0009582545608282089,20
585,0.001040466595441103,20
586,0.0011101339478045702,20
587,0.0010416654404252768,20
588,0.0009444130701012909,20
589,0.0009555143187753856,20
590,0.0010203712154179811,20
591,0.0010091933654621243,20
592,0.0009356969385407865,20
593,0.07798720896244049,16
594,0.021527884528040886,16
595,0.0006066302303224802,16
596,0.011773830279707909,16
597,0.024630291387438774,16
598,0.021064074710011482,16
599,0.009845081716775894,16
600,0.0017743140924721956,16
601,0.0013137829955667257,16
602,0.006146352272480726,16
603,0.010479367338120937,16
604,0.010975385084748268,16
605,0.008051885291934013,16
606,0.004008634015917778,16
607,0.0012628849362954497,16
608,0.0010643271962180734,16
609,0.002870487980544567,16
610,0.004847272299230099,16
611,0.0053651705384254456,16
612,0.004175326321274042,16
613,0.0022786313202232122,16
614,0.0009366858866997063,16
615,0.000779402966145426,16
616,0.0015481915324926376,16
617,0.0024602003395557404,16
618,0.0028115203604102135,16
619,0.0023899227380752563,16
620,0.0015063490718603134,16
621,0.000720593670848757,16
622,0.0004599869716912508,16
623,0.0007510029245167971,16
624,0.001235106261447072,16
625,0.0014682128094136715,16
626,0.0012658392079174519,16
627,0.0008057440281845629,16
628,0.00043328278115950525,16
629,0.0003728900046553463,16
630,0.0005836320342496037,16
631,0.000837084895465523,16
632,0.0009166837553493679,16
633,0.0007726659532636404,16
634,0.0005316308815963566,16
635,0.0003767958260141313,16
636,0.00040036934660747647,16
637,0.0005413073231466115,16
638,0.000653005379717797,16
639,0.0006360252154991031,16
640,0.0005149448406882584,16
641,0.00039800189551897347,16
642,0.00037158167106099427,16
643,0.00043135229498147964,16
644,0.0005019923555664718,16
645,0.0005127786425873637,16
646,0.00045617829891853034,16
647,0.00038390429108403623,16
648,0.00035345833748579025,16
649,0.0006176134338602424,16
650,0.015446162782609463,16
651,0.001269879168830812,16
652,0.0034349665511399508,16
653,0.008587107993662357,16
654,0.006817362271249294,16
655,0.002297481056302786,16
656,0.00035640966962091625,16
657,0.0022759386338293552,16
658,0.004518609493970871,16
659,0.003993781749159098,16
660,0.0017662080936133862,16
661,0.00039244588697329164,16
662,0.0008880607201717794,16
663,0.0021758258808404207,16
664,0.0026752387639135122,16
665,0.001955808838829398,16
666,0.0008290259283967316,16
667,0.000354403251549229,16
668,0.000818733184132725,16
669,0.0015112522523850203,16
670,0.0015854352386668324,16
671,0.001008400460705161,16
672,0.0004431799170561135,16
673,0.00041512917960062623,16
674,0.0008017968502826989,16
675,0.001084857271052897,16
676,0.0009528202353976667,16
677,0.000576311198528856,16
678,0.00035531114554032683,16
679,0.00047181444824673235,16
680,0.0007156310020945966,16
681,0.0007651264313608408,16
682,0.000572610879316926,16
683,0.00037653534673154354,16
684,0.00037917643203400075,16
685,0.0005230189417488873,16
686,0.000602230429649353,16
687,0.0005218276637606323,16
688,0.00038728388608433306,16
689,0.0003523395862430334,16
690,0.00043056136928498745,16
691,0.0004967314889654517,16
692,0.0004607281880453229,16
693,0.00037532433634623885,16
694,0.0003468713548500091,16
695,0.0003927383222617209,16
696,0.0004348286020103842,16
697,0.12963233888149261,16
698,0.029199205338954926,16
699,0.0020539069082587957,16
700,0.019860627129673958,16
701,0.04088210687041283,16
702,0.044079408049583435,16
703,0.03264810889959335,16
704,0.016749385744333267,16
705,0.005169198382645845,16
706,0.0025100051425397396,16
707,0.0078287273645401,16
708,0.015365414321422577,16
709,0.019131435081362724,16
710,0.01723964512348175,16
711,0.011702494695782661,16
712,0.005998524837195873,16
713,0.0028460484463721514,16
714,0.0030408878810703754,16
715,0.005500461906194687,16
716,0.008233406580984592,16
717,0.009554469957947731,16
718,0.008851968683302402,16
719,0.0066522560082376,16
720,0.0041524372063577175,16
721,0.0025384058244526386,16
722,0.002387086395174265,16
723,0.0034109950065612793,16
724,0.004693262279033661,16
725,0.005294611677527428,16
726,0.00483032688498497,16
727,0.0036288697738200426,16
728,0.0024207201786339283,16
729,0.0018300625961273909,16
730,0.0020122244022786617,16
731,0.002631356008350849,16
732,0.003141621360555291,16
733,0.003156869439408183,16
734,0.002668619155883789,16
735,0.0019989735446870327,16
736,0.001550226821564138,16
737,0.0015283606480807066,16
738,0.001823270577006042,16
739,0.0021208703983575106,16
740,0.002153998939320445,16
741,0.0018933158135041595,16
742,0.00153695500921458,16
743,0.00132931605912745,16
744,0.0013689362676814198,16
745,0.0015537902945652604,16
746,0.0016884850338101387,16
747,0.00164965377189219,16
748,0.0014726665103808045,16
749,0.0013008457608520985,16
750,0.001254143426194787,16
751,0.0013330053770914674,16
752,0.001433921279385686,16
753,0.001451946678571403,16
754,0.0013715439708903432,16
755,0.0012668230338022113,16
756,0.0012224996462464333,16
757,0.0012568171368911862,16
758,0.0013153103645890951,16
759,0.0013310975627973676,16
760,0.0012875766260549426,16
761,0.0012258060742169619,16
762,0.0011975015513598919,16
763,0.06118476763367653,16
764,0.011480960994958878,16
765,0.0026167007163167,16
766,0.019475387409329414,16
767,0.02221180871129036,16
768,0.011975640431046486,16
769,0.0026025334373116493,16
770,0.0006137864547781646,16
771,0.004460199736058712,16
772,0.008816167712211609,16
773,0.010012169368565083,16
774,0.0078104292042553425,16
775,0.004088696092367172,16
776,0.0011747024254873395,16
777,0.0005519971018657088,16
778,0.0020694208797067404,16
779,0.004110202193260193,16
780,0.004913267679512501,16
781,0.003963040187954903,16
782,0.0021328660659492016,16
783,0.0007426327210851014,16
784,0.0005579632124863565,16
785,0.0013918894110247493,16
786,0.0023652955424040556,16
787,0.0026469652075320482,16
788,0.00209929165430367,16
789,0.0011954520596191287,16
790,0.0005575513932853937,16
791,0.000519652443472296,16
792,0.000946771411690861,16
793,0.0013917526230216026,16
794,0.0014670516829937696,16
795,0.00113288639113307,16
796,0.0006723033729940653,16
797,0.0004180570540484041,16
798,0.0004911559517495334,16
799,0.000747434503864497,16
800,0.0009315302595496178,16
801,0.0008879416272975504,16
802,0.0006640180363319814,16
803,0.0004434741276782006,16
804,0.00038277250132523477,16
805,0.0004881158238276839,16
806,0.0006288810982368886,16
807,0.0006658663041889668,16
808,0.0005722930654883385,16
809,0.0004400269244797528,16
810,0.00038033732562325895,16
811,0.000423178804339841,16
812,0.0005041274707764387,16
813,0.0005366447730921209,16
814,0.0004923886735923588,16
815,0.0004167906881775707,16
816,0.00037620626972056925,16
817,0.0011709241662174463,16
818,0.013448514975607395,16
819,0.0012925652554258704,16
820,0.002894759876653552,16
821,0.007205485366284847,16
822,0.005360540933907032,16
823,0.001495197182521224,16
824,0.0004912370932288468,16
825,0.0026592700742185116,16
826,0.004038433078676462,16
827,0.002760873408988118,16
828,0.0008417943026870489,16
829,0.0004360441816970706,16
830,0.001474163495004177,16
831,0.0023522276896983385,16
832,0.0020535096991807222,16
833,0.001022380543872714,16
834,0.00037262515979819,16
835,0.0006606998504139483,16
836,0.001335511333309114,16
837,0.001480726059526205,16
838,0.0009599883924238384,16
839,0.00042998665594495833,16
840,0.0004303339228499681,16
841,0.0008096547680906951,16
842,0.0010328009957447648,16
843,0.0008422110113315284,16
844,0.0004847085801884532,16
845,0.0003591874265111983,16
846,0.0005453771445900202,16
847,0.0007429586839862168,16
848,0.0006836744141764939,16
849,0.0004602358676493168,16
850,0.00035186350578442216,16
851,0.0004491519648581743,16
852,0.0005782571388408542,16
853,0.0005592435481958091,16
854,0.00042544788448140025,16
855,0.0003486625791992992,16
856,0.0004043961234856397,16
857,0.0004866492818109691,16
858,0.0004713940143119544,16
859,0.00038525316631421447,16
860,0.0003458212304394692,16
861,0.0003886063932441175,16
862,0.00043376508983783424,16
863,0.13042986392974854,16
864,0.02969108335673809,16
865,0.0016689124749973416,16
866,0.017060661688447,16
867,0.03728320822119713,16
868,0.04201708361506462,16
869,0.032833829522132874,16
870,0.018336106091737747,16
871,0.006485058460384607,16
872,0.0020242836326360703,16
873,0.005250759422779083,16
874,0.012160315178334713,16
875,0.01725955680012703,16
876,0.017497118562459946,16
877,0.013478592969477177,16
878,0.007952151820063591,16
879,0.003754457924515009,16
880,0.0024174079298973083,16
881,0.0037508360110223293,16
882,0.006321087013930082,16
883,0.008419838733971119,16
884,0.00893839355558157,16
885,0.007748450618237257,16
886,0.005559313111007214,16
887,0.0034512151032686234,16
888,0.0023241532035171986,16
889,0.0024783904664218426,16
890,0.0035091303288936615,16
891,0.004587255418300629,16
892,0.004975765943527222,16
893,0.004449407570064068,16
894,0.003354062559083104,16
895,0.002316195983439684,16
896,0.00183418532833457,16
897,0.002009224845096469,16
898,0.0025479388423264027,16
899,0.0029945741407573223,16
900,0.003024574602022767,16
901,0.00261896476149559,16
902,0.0020336047746241093,16
903,0.0016063213115558028,16
904,0.0015333025949075818,16
905,0.0017563651781529188,16
906,0.00202975794672966,16
907,0.0021113730035722256,16
908,0.0019327187910676003,16
909,0.0016246443847194314,16
910,0.0013952257577329874,16
911,0.0013674419606104493,16
912,0.0015008996706455946,16
913,0.0016447355737909675,16
914,0.0016658719396218657,16
915,0.001546846004202962,16
916,0.0013826661743223667,16
917,0.0012912494130432606,16
918,0.0013169960584491491,16
919,0.0014048859011381865,16
920,0.0014588661724701524,16
921,0.0014270420651882887,16
922,0.0013385670026764274,16
923,0.0012667253613471985,16
924,0.0012595764128491282,16
925,0.001302394550293684,16
926,0.0013400288298726082,16
927,0.0013312319060787559,16
928,0.0012827477185055614,16
929,0.0012358167441561818,16
930,0.058654773980379105,16
931,0.01222622487694025,16
932,0.0015302954707294703,16
933,0.015978222712874413,16
934,0.020520733669400215,16
935,0.012221651151776314,16
936,0.003266327315941453,16
937,0.0006191815482452512,16
938,0.0037404929753392935,16
939,0.007983830757439137,16
940,0.009586386382579803,16
941,0.007878524251282215,16
942,0.00444526132196188,16
943,0.0015502317110076547,16
944,0.0007827230147086084,16
945,0.00214412622153759,16
946,0.00409891689196229,16
947,0.004880597814917564,16
948,0.00394833367317915,16
949,0.002160977339372039,16
950,0.0008101392886601388,16
951,0.0006070196395739913,16
952,0.0013355155242606997,16
953,0.002211022889241576,16
954,0.002526001539081335,16
955,0.0020893097389489412,16
956,0.0012439022539183497,16
957,0.0005576527328230441,16
958,0.0004187698650639504,16
959,0.0007825238863006234,16
960,0.0012428694171831012,16
961,0.0013834501150995493,16
962,0.0011085133301094174,16
963,0.0006687919376417994,16
964,0.0004028517287224531,16
965,0.0004569217562675476,16
966,0.0007080288487486541,16
967,0.0009073383407667279,16
968,0.0008909647003747523,16
969,0.0006891742814332247,16
970,0.00047264769091270864,16
971,0.00039962539449334145,16
972,0.0004902472137473524,16
973,0.0006263343384489417,16
974,0.0006693245959468186,16
975,0.0005832682363688946,16
976,0.0004507066332735121,16
977,0.00038117359508760273,16
978,0.00041146643343381584,16
979,0.0004868936084676534,16
980,0.0005246303626336157,16
981,0.0004898209008388221,16
982,0.00041769968811422586,16
983,0.0003717290237545967,16
984,0.0006403735605999827,16
985,0.014591454528272152,16
986,0.0012083507608622313,16
987,0.003199963131919503,16
988,0.007949311286211014,16
989,0.006357194390147924,16
990,0.00219347863458097,16
991,0.0003507506917230785,16
992,0.0020696157589554787,16
993,0.004162976518273354,16
994,0.003738740226253867,16
995,0.0017010332085192204,16
996,0.00039507978362962604,16
997,0.0008005461422726512,16
998,0.0019783354364335537,16
999,0.0024798624217510223,16
1000,0.0018636340973898768,16
1001,0.0008287596283480525,16
1002,0.0003459056606516242,16
1003,0.0007271430222317576,16
1004,0.001371499733068049,16
1005,0.0014907491859048605,16
1006,0.0009943143231794238,16
1007,0.00045600038720294833,16
1008,0.00038335580029524863,16
1009,0.0007163966656662524,16
1010,0.0010010763071477413,16
1011,0.0009217971237376332,16
1012,0.0005891886539757252,16
1013,0.00035738450242206454,16
1014,0.0004277938569430262,16
1015,0.0006508381920866668,16
1016,0.0007305103936232626,16
1017,0.0005798565107397735,16
1018,0.00038806255906820297,16
1019,0.00035880328505299985,16
1020,0.00047871339484117925,16
1021,0.000571342883631587,16
1022,0.0005231698742136359,16
1023,0.0004001480992883444,16
1024,0.00034499785397201777,16
1025,0.0004008679243270308,16
1026,0.00047260819701477885,16
1027,0.0004610586620401591,16
1028,0.0003861550649162382,16
1029,0.000343301915563643,16
1030,0.0003724376147147268,16
1031,0.0004181762342341244,16
1032,0.16707918047904968,16
1033,0.0502491258084774,16
1034,0.004707480780780315,16
1035,0.008906867355108261,16
1036,0.03132390230894089,16
1037,0.04624474048614502,16
1038,0.04611901566386223,16
1039,0.0351703017950058,16
1040,0.020556006580591202,16
1041,0.008500397205352783,16
1042,0.0028219951782375574,16
1043,0.004186912905424833,16
1044,0.010096144862473011,16
1045,0.01627708040177822,16
1046,0.019215194508433342,16
1047,0.017864178866147995,16
1048,0.013457086868584156,16
1049,0.008280662819743156,16
1050,0.0044312854297459126,16
1051,0.003015378024429083,16
1052,0.0039216079749166965,16
1053,0.006117710378021002,16
1054,0.008261010982096195,16
1055,0.009307794272899628,16
1056,0.008868624456226826,16
1057,0.0072342040948569775,16
1058,0.0051446352154016495,16
1059,0.0034315285738557577,16
1060,0.0026656670961529016,16
1061,0.0029334609862416983,16
1062,0.003836232703179121,16
1063,0.0047233616933226585,16
1064,0.005043270997703075,16
1065,0.0046149869449436665,16
1066,0.0036731837317347527,16
1067,0.002687823958694935,16
1068,0.002086305059492588,16
1069,0.0020372841972857714,16
1070,0.0023992005735635757,16
1071,0.0028386367484927177,16
1072,0.0030350801534950733,16
1073,0.0028524589724838734,16
1074,0.0023893117904663086,16
1075,0.0018941591260954738,16
1076,0.001605612807907164,16
1077,0.0016131330048665404,16
1078,0.0018189215334132314,16
1079,0.002019275911152363,16
1080,0.002046458423137665,16
1081,0.0018728777067735791,16
1082,0.0016107377596199512,16
1083,0.001418286352418363,16
1084,0.0013868496753275394,16
1085,0.0014877014327794313,16
1086,0.0016080953646451235,16
1087,0.001641015405766666,16
1088,0.0015593820717185736,16
1089,0.001423951587639749,16
1090,0.0013270493363961577,16
1091,0.0013203441631048918,16
1092,0.0013817857252433896,16
1093,0.0014423566171899438,16
1094,0.0014454766642302275,16
1095,0.001388909062370658,16
1096,0.0013182711554691195,16
1097,0.0012835870729759336,16
1098,0.0012986257206648588,16
1099,0.001335326349362731,16
1100,0.0013529557036235929,16
1101,0.0013332925736904144,16
1102,0.07161477953195572,16
1103,0.01938340812921524,16
1104,0.0007581276004202664,16
1105,0.014129803515970707,16
1106,0.023336244747042656,16
1107,0.01644018106162548,16
1108,0.005784162785857916,16
1109,0.0005838355864398181,16
1110,0.0022202967666089535,16
1111,0.006701592355966568,16
1112,0.009467151947319508,16
1113,0.008887081407010555,16
1114,0.005916103255003691,16
1115,0.0025983022060245275,16
1116,0.0007831124239601195,16
1117,0.001183243002742529,16
1118,0.003010824788361788,16
1119,0.004596060607582331,16
1120,0.004712312947958708,16
1121,0.00341977272182703,16
1122,0.0017469137674197555,16
1123,0.0007566236890852451,16
1124,0.0008401573868468404,16
1125,0.00162538792937994,16
1126,0.002385810250416398,16
1127,0.002566213719546795,16
1128,0.0020804223604500294,16
1129,0.001274039619602263,16
1130,0.000648896093480289,16
1131,0.0005288072279654443,16
1132,0.0008592619560658932,16
1133,0.0012769688619300723,16
1134,0.0014083003625273705,16
1135,0.0011537099489942193,16
1136,0.0007226646412163973,16
1137,0.00042312906589359045,16
1138,0.0004143536789342761,16
1139,0.0006177555187605321,16
1140,0.0008185572223737836,16
1141,0.000845404458232224,16
1142,0.0006858496344648302,16
1143,0.000469716964289546,16
1144,0.0003526162763591856,16
1145,0.00039403457776643336,16
1146,0.0005217755679041147,16
1147,0.0006060839514248073,16
1148,0.0005743256187997758,16
1149,0.00046328044845722616,16
1150,0.00037059764144942164,16
1151,0.0003624012169893831,16
1152,0.0004234907974023372,16
1153,0.00048429955495521426,16
1154,0.00048807403072714806,16
1155,0.00043588815606199205,16
1156,0.000376404874259606,16
1157,0.0007746993214823306,20
1158,0.023274069651961327,20
1159,0.0016861158655956388,20
1160,0.005087978206574917,20
1161,0.012545408681035042,20
1162,0.00977061316370964,20
1163,0.0032627859618514776,20
1164,0.0003398085536900908,20
1165,0.0026777300518006086,20
1166,0.005864178761839867,20
1167,0.005669645965099335,20
1168,0.002878536470234394,20
1169,0.0006247527780942619,20
1170,0.00065182417165488,20
1171,0.0021942167077213526,20
1172,0.0033386703580617905,20
1173,0.003027029102668166,20
1174,0.0016976927872747183,20
1175,0.0005525986780412495,20
1176,0.0004515571636147797,20
1177,0.00122024305164814,20
1178,0.0019070054404437542,20
1179,0.0017963098362088203,20
1180,0.0010661921696737409,20
1181,0.0004437266325112432,20
1182,0.00041995904757641256,20
1183,0.000849900534376502,20
1184,0.0012076658895239234,20
1185,0.0011357998009771109,20
1186,0.0007358075235970318,20
1187,0.0003971568658016622,20
1188,0.00039685904630459845,20
1189,0.0006502565229311585,20
1190,0.0008369952556677163,20
1191,0.0007553499308414757,20
1192,0.0005102049326524138,20
1193,0.0003551868721842766,20
1194,0.0004100240475963801,20
1195,0.0005636881105601788,20
1196,0.0006267627468332648,20
1197,0.0005357073387131095,20
1198,0.00039632985135540366,20
1199,0.00034920693724416196,20
1200,0.00041739060543477535,20
1201,0.0004973334143869579,20
1202,0.000489572761580348,20
1203,0.0004083522944711149,20
1204,0.0003477584396023303,20
1205,0.0003635119355749339,20
1206,0.00041723152389749885,20
1207,0.13809837400913239,70
1208,0.0015664763050153852,70
1209,0.05615175515413284,70
1210,0.06747934222221375,70
1211,0.03672994673252106,70
1212,0.008240184746682644,70
1213,0.0019026111112907529,70
1214,0.013857092708349228,70
1215,0.02591007575392723,70
1216,0.025704655796289444,70
1217,0.015723232179880142,70
1218,0.00529648968949914,70
1219,0.0011049200547859073,70
1220,0.0036591188982129097,70
1221,0.008991951122879982,70
1222,0.012540549971163273,70
1223,0.012102073058485985,70
1224,0.008415133692324162,70
1225,0.003964912611991167,70
1226,0.0012412695214152336,70
1227,0.0013352246023714542,70
1228,0.00345038715749979,70
1229,0.005613342858850956,70
1230,0.006154300179332495,70
1231,0.004817434120923281,70
1232,0.0026729153469204903,70
1233,0.0011166748590767384,70
1234,0.0008853168110363185,70
1235,0.0017337206518277526,70
1236,0.002803470939397812,70
1237,0.0032812703866511583,70
1238,0.002882159547880292,70
1239,0.0019218893721699715,70
1240,0.0010243155993521214,70
1241,0.0006877096020616591,70
1242,0.0009774124482646585,70
1243,0.0015302831307053566,70
1244,0.0018578312592580914,70
1245,0.0017110403859987855,70
1246,0.001224647625349462,70
1247,0.0007562520331703126,70
1248,0.0005897525697946548,70
1249,0.0007468024268746376,70
1250,0.0010204081190750003,70
1251,0.0011621006997302175,70
1252,0.0010627511655911803,70
1253,0.0008055629441514611,70
1254,0.0005766624235548079,70
1255,0.0005152098601683974,70
1256,0.0006163017824292183,70
1257,0.0007536470657214522,70
1258,0.0007940680952742696,70
1259,0.0007032714784145355,70
1260,0.0005577038391493261,70
1261,0.00046541550545953214,70
1262,0.0004745675250887871,70
1263,0.0005455500213429332,70
1264,0.0005976801621727645,70
1265,0.0005803388776257634,70
1266,0.0005083021242171526,70
1267,0.00043931297841481864,70
1268,0.00042017558007501066,70
1269,0.0004494209715630859,70
1270,0.00048561079893261194,70
1271,0.0004887407412752509,70
1272,0.00045458192471414804,70
1273,0.00041258757119067013,70
1274,0.11375291645526886,45
1275,0.012022004462778568,45
1276,0.075351782143116,45
1277,0.055783554911613464,45
1278,0.014106083661317825,45
1279,0.008502251468598843,45
1280,0.030317915603518486,45
1281,0.03809606656432152,45
1282,0.02385045774281025,45
1283,0.007594771217554808,45
1284,0.004919205326586962,45
1285,0.013603072613477707,45
1286,0.020662028342485428,45
1287,0.01825549826025963,45
1288,0.009769648313522339,45
1289,0.003486872185021639,45
1290,0.004025450441986322,45
1291,0.008784476667642593,45
1292,0.011603879742324352,45
1293,0.009475573897361755,45
1294,0.004838037304580212,45
1295,0.0020855844486504793,45
1296,0.003054526634514332,45
1297,0.005752330180257559,45
1298,0.00691624078899622,45
1299,0.005377678666263819,45
1300,0.0028077680617570877,45
1301,0.0016244312282651663,45
1302,0.002526296302676201,45
1303,0.004033730365335941,45
1304,0.004303853493183851,45
1305,0.0030973609536886215,45
1306,0.0017675956478342414,45
1307,0.0015869082417339087,45
1308,0.002426469698548317,45
1309,0.0031108360271900892,45
1310,0.0028342055156826973,45
1311,0.00196497212164104,45
1312,0.0014624842442572117,45
1313,0.0017391735455021262,45
1314,0.0022815039847046137,45
1315,0.0023639823775738478,45
1316,0.0019091443391516805,45
1317,0.0014736538287252188,45
1318,0.001502828672528267,45
1319,0.00183133315294981,45
1320,0.0019747395999729633,45
1321,0.0017508520977571607,45
1322,0.001446422073058784,45
1323,0.001399751054123044,45
1324,0.0015842342982068658,45
1325,0.001697452156804502,45
1326,0.0015773590421304107,45
1327,0.0013808917719870806,45
1328,0.0013355774572119117,45
1329,0.0014420916559174657,45
1330,0.00151084887329489,45
1331,0.0014342035865411162,45
1332,0.0013104811077937484,45
1333,0.0012836023233830929,45
1334,0.0013485916424542665,45
1335,0.0013819390442222357,45
1336,0.001324014039710164,45
1337,0.0012479607248678803,45
1338,0.0012396926758810878,45
1339,0.0012799070682376623,45
1340,0.0012876266846433282,45
1341,0.12163499742746353,20
1342,0.0521305650472641,20
1343,0.010515724308788776,20
1344,0.0015377078671008348,20
1345,0.01732391119003296,20
1346,0.03113192692399025,20
1347,0.02939937822520733,20
1348,0.017996180802583694,20
1349,0.006364791188389063,20
1350,0.0006084225024096668,20
1351,0.002054666168987751,20
1352,0.007379753049463034,20
1353,0.011378532275557518,20
1354,0.011814805679023266,20
1355,0.009277396835386753,20
1356,0.005511258263140917,20
1357,0.002273251535370946,20
1358,0.0006789928884245455,20
1359,0.0009316910291090608,20
1360,0.002390526235103607,20
1361,0.003971420228481293,20
1362,0.0047393543645739555,20
1363,0.004365114960819483,20
1364,0.0031814465764909983,20
1365,0.0018724467372521758,20
1366,0.001049470971338451,20
1367,0.0009604202350601554,20
1368,0.0014434190234169364,20
1369,0.00209030625410378,20
1370,0.002493433188647032,20
1371,0.0024398257955908775,20
1372,0.0019759770948439837,20
1373,0.001342947594821453,20
1374,0.0008326995302923024,20
1375,0.0006371939089149237,20
1376,0.0007601308752782643,20
1377,0.0010345695773139596,20
1378,0.0012352804187685251,20
1379,0.0012158508179709315,20
1380,0.0009839989943429828,20
1381,0.0006743058329448104,20
1382,0.0004488932900130749,20
1383,0.0003974797436967492,20
1384,0.0004962677485309541,20
1385,0.000639947596937418,20
1386,0.000716600043233484,20
1387,0.0006751569453626871,20
1388,0.0005463589332066476,20
1389,0.0004113998147659004,20
1390,0.0003444704052526504,20
1391,0.0003673423489090055,20
1392,0.0004426947270985693,20
1393,0.0005063596763648093,20
1394,0.0005131237558089197,20
1395,0.0004636667435988784,20
1396,0.00039667365490458906,20
1397,0.0003564610087778419,20
1398,0.000362015183782205,20
1399,0.00039832128095440567,20
1400,0.0004322177264839411,20
1401,0.00043797321268357337,20
1402,0.0014238575240597129,16
1403,0.007789890747517347,16
1404,0.0011655553244054317,16
1405,0.0015439069829881191,16
1406,0.004027398768812418,16
1407,0.002882292727008462,16
1408,0.00074794638203457,16
1409,0.0005872644251212478,16
1410,0.0019492381252348423,16
1411,0.002287329640239477,16
1412,0.001240014680661261,16
1413,0.00037992832949385047,16
1414,0.0006172237335704267,16
1415,0.0013122388627380133,16
1416,0.0014404966495931149,16
1417,0.0009002520237118006,16
1418,0.00038419305928982794,16
1419,0.00044143624836578965,16
1420,0.0008546122699044645,16
1421,0.00099757534917444,16
1422,0.0006988456007093191,16
1423,0.00037141077336855233,16
1424,0.00038446858525276184,16
1425,0.0006260623340494931,16
1426,0.0007317879935726523,16
1427,0.0005726682138629258,16
1428,0.00036578462459146976,16
1429,0.00035515136551111937,16
1430,0.000503587129060179,16
1431,0.0005744280060753226,16
1432,0.00047179320245049894,16
1433,0.0003460281586740166,16
1434,0.0003526414220687002,16
1435,0.0004467994731385261,16
1436,0.00047741641174070537,16
1437,0.00040456507122144103,16
1438,0.0003340073162689805,16
1439,0.000352936185663566,16
1440,0.0004123109974898398,16
1441,0.0004142137768212706,16
1442,0.11539599299430847,16
1443,0.0300188846886158,16
1444,0.003761448198929429,16
1445,0.015255477279424667,16
1446,0.03288334980607033,16
1447,0.037677302956581116,16
1448,0.030084311962127686,16
1449,0.01766197383403778,16
1450,0.0075162374414503574,16
1451,0.0037640074733644724,16
1452,0.006601742934435606,16
1453,0.012437818571925163,16
1454,0.01645522005856037,16
1455,0.01625284180045128,16
1456,0.01257331483066082,16
1457,0.007838328368961811,16
1458,0.0044277082197368145,16
1459,0.003539532655850053,16
1460,0.004870870150625706,16
1461,0.007067282684147358,16
1462,0.008606581948697567,16
1463,0.008598195388913155,16
1464,0.007108313497155905,16
1465,0.004960240330547094,16
1466,0.003213744144886732,16
1467,0.002594637917354703,16
1468,0.0031285258010029793,16
1469,0.004173073451966047,16
1470,0.004859681706875563,16
1471,0.004665816202759743,16
1472,0.0037118771579116583,16
1473,0.0025991625152528286,16
1474,0.001956831431016326,16
1475,0.0020303302444517612,16
1476,0.002567889168858528,16
1477,0.0030489489436149597,16
1478,0.003071860410273075,16
1479,0.0026180569548159838,16
1480,0.002018328756093979,16
1481,0.0016738460399210453,16
1482,0.0017517796950414777,16
1483,0.002081589074805379,16
1484,0.002323536202311516,16
1485,0.002259711269289255,16
1486,0.0019556174520403147,16
1487,0.0016678990796208382,16
1488,0.0016046001110225916,16
1489,0.001756994635798037,16
1490,0.001936689717695117,16
1491,0.001962327864021063,16
1492,0.0018156450241804123,16
1493,0.0016335509717464447,16
1494,0.0015641212230548263,16
1495,0.0016318636480718851,16
1496,0.0017330069094896317,16
1497,0.0017499210080131888,16
1498,0.001662805094383657,16
1499,0.0015529943630099297,16