episode,score,avg_score,hidden_size,entropy_production
0,-45.77456356748114,-45.77456356748114,32,10.247706503456465
1,-73.92210743697117,-59.848335502226156,32,13.585238658577156
2,-339.6901108025625,-153.12892726900495,32,18.98620208888576
3,-260.8858728800724,-180.0681636717718,32,17.781075692275447
4,-382.47969111803144,-220.55046916102373,32,12.91745842674621
5,-88.58435473061805,-198.55611675595614,32,12.623861632811854
6,-357.8519503976823,-221.31266441905987,32,13.321758247021231
7,-490.32520694984163,-254.9392322354076,32,13.096308601715732
8,-61.030159398499755,-233.39377969797337,32,11.036678403825773
9,-443.78825905354813,-254.43322763353086,32,26.272610331643772
10,-377.2322351222991,-265.59677376887345,32,17.396084694261166
11,-213.611655443159,-261.2646805750639,32,7.027284584475369
12,-453.9550517013222,-276.0870168155453,32,30.712729921307854
13,-291.54679489286957,-277.1912866782113,32,17.332879600464953
14,-478.22314486518127,-290.5934105573426,32,16.494167975408317
15,5.813689705241188,-272.06796679093117,32,14.8198772951431
16,-305.17247823469256,-274.0152909935054,32,23.619373985825344
17,-267.75390839842055,-273.66743640488954,32,20.168112381056968
18,-104.09574919675705,-264.74261076235626,32,16.054561538135225
19,-147.65676880765866,-258.88831866462135,32,27.82366031095605
20,-145.93739977478702,-253.50970347939116,32,25.831622854908748
21,-86.81341026119557,-245.93259924220047,32,14.667415710782372
22,-361.79750886984283,-250.9702040086197,32,24.23993531130083
23,-232.3168037698949,-250.19297899867283,32,15.653746259327704
24,-102.39780904484732,-244.2811722005198,32,14.867994894033536
25,-231.89955771164955,-243.80495625864017,32,16.05446607670679
26,-107.01556910108437,-238.73868266021216,32,13.740024268905572
27,-336.51863879472796,-242.23082395073058,32,38.69595544595671
28,-332.19494626535425,-245.33303506502796,32,30.890682598179275
29,-298.9161161160715,-247.11913776672944,32,42.449190836967674
30,-250.91900802174692,-247.2417142265687,32,20.261742602086983
31,-65.7104647409528,-241.56886268014318,32,14.80614937327571
32,-226.73521586153743,-241.11935823109454,32,28.60581652918471
33,-307.7745873904123,-243.079806147545,32,14.815110863620038
34,-296.71634194103933,-244.61227859878773,32,14.885036629228065
35,-248.06329272267837,-244.7081401022291,32,12.485553194561279
36,-222.42398491118075,-244.10586563760617,32,15.441468142455014
37,-372.8374299007943,-247.49353838137426,32,34.844556895394305
38,-326.97505731847195,-249.53152604642804,32,33.09294838867347
39,-45.29434714591636,-244.42559657391536,32,10.878860389535294
40,-231.39771484900686,-244.10784336111269,32,36.49820546848325
41,-145.8263075894015,-241.76780679511955,32,20.791614703447646
42,-95.2559967384709,-238.36055539845333,32,18.776329086603717
43,-114.93962139554405,-235.5555341711145,32,9.739860397187186
44,-203.67643566712567,-234.84710975991476,32,22.08058862159534
45,-253.90761916180261,-235.2614686599558,32,34.37807798206042
46,-113.8005233709176,-232.67719322827412,32,18.37054365506348
47,-81.29085268784794,-229.5233111336819,32,9.373589125731614
48,-289.1308777527231,-230.7397920850909,32,28.018343599343826
49,-278.3321327897984,-231.69163889918505,32,27.278062587729128
50,-55.50252286533302,-231.886198085142,32,5.592557965064971
51,-90.85607498318015,-232.2248774360662,32,9.169541671966986
52,-302.704148670349,-231.485158193422,32,11.3866751714393
53,-181.78809578221865,-229.90320265146494,32,36.30530424388791
54,13.44927283885896,-221.98462337232704,32,24.312326266303863
55,-150.06710764346275,-223.214278430584,32,15.119685516813265
56,-91.07021009614328,-217.87864362455323,32,13.970976400278369
57,-192.2213050010655,-211.91656558557767,32,13.029145848391456
58,-73.66342607490037,-212.16923091910564,32,12.13292286373902
59,-196.95165998171063,-207.23249893766894,32,19.921527972055717
60,-71.88709920165175,-201.125596219256,32,21.976543024758126
61,-83.75051840509703,-198.52837347849473,32,12.91868501260397
62,-63.67009524268013,-190.7226743493219,32,12.518895108707133
63,-284.8763032638365,-190.58926451674125,32,20.100196358803043
64,-95.07941497338557,-182.9263899189053,32,17.49470942082583
65,-44.60536151854926,-183.93477094338115,32,15.702910738133937
66,-88.06325480976915,-179.5925864748827,32,17.672822876429326
67,-406.51324292432065,-182.36777316540068,32,24.44713652368618
68,-208.86433807016914,-184.4631449428689,32,24.335910921728036
69,-38.25529913571006,-182.27511554942993,32,8.511691477982628
70,-508.5600809840058,-189.52756917361432,32,30.614162869863154
71,-255.2572962685787,-192.89644689376198,32,22.438270778895575
72,-190.3063599840762,-189.4666239160467,32,21.804360820990976
73,-452.5546483470416,-193.8713808075896,32,26.159416821316793
74,-72.49274968640589,-193.27327962042077,32,17.77638565422861
75,-348.8704982845792,-195.61269843187935,32,26.33725818831362
76,-22.317081015107846,-193.91872867015982,32,18.971135780496972
77,-100.16083061468751,-189.19157250655906,32,21.12831134479471
78,-229.91709084288195,-187.1460153981096,32,14.435288227401221
79,-79.02023380609853,-182.74809775191014,32,17.67798495690356
80,-156.34466719046412,-180.8566109352845,32,29.252665625461027
81,-67.9009426198477,-180.90042049286237,32,12.376743896379878
82,-62.66360546918319,-177.6189882850153,32,16.26160951086416
83,-92.43376557679326,-173.31217184874288,32,16.91894428131506
84,-232.65326427244372,-172.030910295371,32,8.395691223415762
85,-103.65920151634863,-169.14282847124434,32,17.662528117003244
86,-194.2031248700938,-168.57841127042263,32,24.02743236843347
87,-208.84001905592677,-165.2984630535253,32,18.766035117853136
88,-205.80064243701943,-162.87497475589626,32,29.02706641322112
89,-59.41550510444956,-163.15739791506692,32,13.177479591890895
90,-150.82153566035396,-161.54587433129387,32,17.58592629611711
91,-133.24593721929378,-161.2942669238917,32,16.8368315274267
92,-85.93355338561969,-161.10781805683465,32,16.896651555931843
93,-101.60406328632116,-160.84110689465024,32,12.553173844218461
94,-93.86524550045046,-158.64488309131673,32,13.710642576546414
95,-131.72058764192377,-156.20114246091916,32,17.436413664413813
96,14.24423614312174,-153.64024727063835,32,9.925689247798315
97,-135.69453197579116,-154.7283208563972,32,17.200501096917318
98,-77.26546380521597,-150.4910125774471,32,6.1384496561183965
99,-57.12921244411906,-146.06695417053348,32,19.5100775404872
100,-67.54794471039828,-146.30786260743477,32,11.206724236155697
101,-142.4941008017173,-147.34062312380556,32,11.746214834244602
102,-262.02187461364906,-146.52697764267154,32,33.40447134406757
103,-312.3354997827472,-149.1379257226821,32,12.245560666874896
104,-286.6478157452561,-155.1398674943644,32,31.155912235534775
105,-84.344268493832,-153.82541071137177,32,11.025964088586658
106,-109.14072622784902,-154.1868210340059,32,32.319125440403134
107,-558.8524244585828,-161.51944342315628,32,43.369953019675336
108,-73.0431800524518,-161.50703850270727,32,18.60434265855602
109,-154.81248633362952,-160.66425502974568,32,14.783586916516345
110,-255.77380149147177,-164.34198907554205,32,7.925461790585193
111,-89.21544095063611,-164.45128752645286,32,15.88386015751738
112,-281.90997005055004,-168.81608502261025,32,26.00894080147683
113,-180.02416409922944,-166.71904223931813,32,7.010706896457248
114,-56.378643784928165,-165.94502681554894,32,19.40310390684144
115,-222.43230149421237,-169.50156561506225,32,21.906370932245107
116,-40.65526349482202,-168.55340578876326,32,14.013498711096918
117,-250.25613469693494,-165.42826362421553,32,23.670104487719573
118,-124.26749286613594,-163.73632672013488,32,9.284867526677115
119,-310.34330546747077,-169.17808684677013,32,34.57760502814929
120,-72.12354983062876,-160.44935622370255,32,21.89936550693582
121,-25.899734802756385,-155.8622049943861,32,7.389614451667871
122,-216.69809521848464,-156.39003969907426,32,25.918453304200096
123,-30.199060545749717,-147.94292794304846,32,14.855898515830624
124,-99.91140150020605,-148.49130097932445,32,14.15356292946484
125,-267.80201496818586,-146.86993131299658,32,17.902857069905483
126,17.743994073999474,-146.06870981121443,32,16.251225715120455
127,-185.69799460423812,-147.77945309100545,32,31.57126802632251
128,-63.644805696025074,-144.45400738806833,32,10.463259879043246
129,-266.9684055392048,-148.21297082273043,32,18.627904120705562
130,-126.56898876648054,-147.61745725425075,32,24.437764875623838
131,-69.20063844171258,-147.64345117068808,32,10.399104467778557
132,-54.14696962154795,-147.47311845373537,32,9.371932601716408
133,-267.7286451209637,-150.9790160446188,32,29.995580116342623
134,-333.6847395478875,-152.99964555012764,32,27.86402663499591
135,-94.13303992299092,-152.80912231826048,32,24.64172053474932
136,-225.66977644609233,-153.43845534978044,32,15.382309206001228
137,-140.4767289619275,-152.07118954790047,32,20.07563131413756
138,-74.63804538899635,-149.44793760694,32,21.392140378136517
139,-121.14354028537967,-150.6824983105586,32,27.908988323709877
140,-205.73402979679378,-151.7807481932874,32,23.076667285070837
141,-205.94024029912202,-153.23463425488399,32,35.87871211380242
142,-171.97564814508456,-154.95547615007328,32,31.48795208038634
143,-135.26712340990835,-155.62873735254502,32,4.28897073445709
144,-239.75441749543947,-158.5465207924448,32,17.687469432952167
145,-35.33248298887612,-156.61875869938385,32,17.689560824067584
146,-325.4839989191271,-163.41332340062883,32,26.404009207231077
147,-107.31374419651907,-162.84570764504338,32,17.108634029979804
148,-150.18122017805496,-164.30402277250016,32,27.40751528600426
149,-291.93659937712664,-169.00017051116032,32,14.653923377305851
150,-7.602582894994953,-167.80126327485223,32,16.548228111088104
151,-127.08732105559857,-167.49312767992987,32,11.63413880333427
152,-85.98812678485052,-163.97245272335388,32,33.117309077754925
153,-42.01742767826822,-158.56609128126433,32,25.770481605226085
154,-266.8748224866474,-158.17063141609214,32,37.808825775276915
155,-130.27447629114005,-159.08923557203832,32,22.121703018000638
156,-193.21850030530527,-160.77079105358743,32,17.70113619724466
157,-358.8105237715255,-156.76995303984629,32,19.39885413429401
158,-78.01976285194927,-156.86948469583623,32,12.089507530800471
159,-28.414399237505393,-154.34152295391377,32,18.228634742953115
160,-340.7320936836094,-156.04068879775653,32,20.867729865064597
161,-103.7674838702119,-156.33172965614804,32,13.418769162591264
162,-57.38267592159789,-151.84118377356899,32,17.9232747484368
163,-89.8478731305752,-150.03765795419588,32,9.980454101013374
164,-104.9479090823959,-151.00904326014523,32,16.351337369091613
165,9.50391571908834,-146.37031891587924,32,15.335632755303013
166,-197.83088082666845,-149.51383126251616,32,12.968980476885294
167,-21.25821612142174,-144.93387289100588,32,11.788166094683515
168,-258.8064311426837,-147.62465165653683,32,10.922466039378374
169,-30.310635211041458,-142.02399825140827,32,12.24074906559821
170,-77.33638115922338,-142.12825487798017,32,18.344308224486035
171,-87.21756660970132,-143.35461151411903,32,21.591469962540007
172,-213.27834698862137,-143.28621654952178,32,11.970760507812225
173,-34.67039379729137,-143.37564321455264,32,13.212751029753594
174,-71.28537783739709,-142.80312274129648,32,15.587351271954672
175,-77.12201417302086,-138.98952272539316,32,15.80141774982638
176,-243.98881549218592,-144.22417891671685,32,17.691676215798925
177,-101.9046147675613,-142.54831131998333,32,13.691491793266685
178,-48.6478731836733,-142.24837266973628,32,12.305161676150064
179,-28.309647414178542,-137.47519750723578,32,44.23750075385869
180,-75.925810466749,-136.46233394124113,32,17.03027157025627
181,-256.9699188241729,-140.21771954889033,32,29.76825854108811
182,-42.05391163598493,-139.97585838917905,32,16.744962513922346
183,-108.51268717482027,-136.79153923025623,32,14.28424444755026
184,-116.75814745269565,-132.4530073883524,32,25.32170515216388
185,-48.62187493524715,-131.5427840885975,32,35.784798852502746
186,-40.22676209876278,-127.83392380165091,32,27.889672080371795
187,-45.887144547926425,-125.94213211337087,32,8.04855953867583
188,-204.47501411515526,-128.53887148789406,32,35.710174492188564
189,-147.6926261645535,-129.06985320547753,32,19.240081419052522
190,-395.20223800513264,-132.8592173696443,32,42.9701936714298
191,-61.55047045281704,-129.97142197271822,32,11.579358990807167
192,-306.9828153418573,-132.67156531665367,32,70.49328143060642
193,-197.8752694729237,-133.923728237914,32,24.684979521559935
194,-113.56411370500636,-131.3999221621053,32,29.961438563677284
195,-348.987124242279,-137.67301498717336,32,23.89258802933862
196,-304.33170344924054,-137.24996907777563,32,22.073541429042194
197,-293.0437903587498,-140.96457000102023,32,18.937619489036578
198,-61.185965894973535,-139.18466491535864,32,17.247667283150623
199,-228.53106764890518,-137.9165542807942,32,21.11267155582402
200,-125.51770699732657,-140.27485676284084,32,24.289828358700564
201,-215.89676078430801,-142.05104555741502,32,66.21927487527984
202,-425.8489820613296,-148.8482626629446,32,30.34814614656703
203,-279.94244524944463,-153.6067630143681,32,16.61180777638971
204,-27.792172088526925,-148.8251100064057,32,20.374106308990186
205,-338.73837330805225,-152.99438794674396,32,23.010724107347947
206,-137.11043543982916,-151.87222664943445,32,33.27707492082842
207,-10.531777076757962,-144.90665171553908,32,16.52555022897696
208,-74.64171461417595,-144.8390907507836,32,7.207427276584791
209,13.965727606136852,-143.99148821391077,32,7.008454111904706
210,-331.7798186479374,-143.81244271319736,32,13.175839192511495
211,-83.15496473881859,-143.40019233056947,32,31.89025564545568
212,-64.46651993408504,-143.54186921081921,32,16.991594344243644
213,-148.79766837098956,-144.7208651156275,32,16.60084015650078
214,-44.24676619398649,-143.50684225785932,32,26.890937353493573
215,-78.05531458995846,-145.25802686404026,32,24.148982910883664
216,-118.23043096677381,-143.66601786684237,32,26.221559786440185
217,-58.518091413715894,-144.41121537268825,32,11.39144058247312
218,-237.44409778533947,-143.98396870554137,32,28.101021096251102
219,-60.28876713543886,-144.5835313440293,32,24.619724873457585
220,-52.40155435670006,-144.08483480797887,32,28.292852080216985
221,-60.76432677662237,-143.55577001131726,32,11.956439005153966
222,-2.473319411494174,-139.3396694597747,32,18.63309502839046
223,-76.02305965500256,-140.16672277692894,32,35.48221797388667
224,-59.937341016293864,-139.93976204050688,32,16.675188551656873
225,-59.37790137640761,-139.5848797845746,32,16.00691928921971
226,-184.89274378237462,-138.40295835037838,32,40.652295491648445
227,26.75614031950451,-135.82974324863707,32,10.323367222050067
228,-112.365376116934,-137.1040933073023,32,36.76354280066217
229,-15.211364340889148,-136.84212764583648,32,32.45552882767794
230,-119.14071335500262,-137.70642570360155,32,27.813629107334677
231,-80.23593807372252,-134.17174608859256,32,14.196076758102354
232,-16.94757505483109,-133.6696193569695,32,13.43595132191938
233,-64.34725465475123,-132.7863107065681,32,24.706884257447623
234,-55.55960072237147,-131.5623397719616,32,11.329521921094281
235,3.574510877855346,-130.51841205569954,32,17.185560624978127
236,-215.32605894199787,-134.02039799256426,32,41.251076093595366
237,-60.99881645809075,-134.32263143076756,32,36.06553905871029
238,-156.91637793780103,-133.37145870722046,32,23.33815536842878
239,-22.058711473654796,-130.85878041340249,32,21.602292100702574
240,-29.477109949585696,-123.54427785229154,32,14.146565513651632
241,-77.01939769983503,-123.85365639723193,32,25.506460286762266
242,-54.59341292001899,-118.80586834879514,32,22.56053544758891
243,-47.347232790049276,-115.79530761513766,32,17.89158306576257
244,-42.659787862522464,-114.37722109828799,32,28.213834490173003
245,-58.919527346090334,-108.57586916036422,32,16.14803813959582
246,4.620245053551855,-102.39683019030835,32,28.357572280085094
247,-29.050636039501043,-97.1169671039234,32,10.557887302991864
248,-14.929690353098806,-96.1918415930859,32,16.19032987385125
249,44.140349468842885,-90.73841325073091,32,17.003507091535297
250,-83.9617583391805,-89.907294277568,32,17.177240876557182
251,-216.74740567140014,-89.92430717530983,32,29.784338287351204
252,-136.13521573130885,-84.13003184870942,32,31.50199326832164
253,-23.357987753324934,-78.99834269878704,32,29.902801625237885
254,-98.9672197705279,-80.42184365242707,32,28.32449237107227
255,-221.92751763616954,-78.0856265389894,32,29.070211034323993
256,-83.23904008915041,-77.00819863197583,32,14.23747369744954
257,-35.056225216069464,-77.49868759476207,32,28.637119138555956
258,-16.446283140409676,-76.33477896528674,32,27.51861304927241
259,-37.717040800902566,-77.36843433342752,32,20.786055447494807
260,-226.85576523501624,-75.2699532651691,32,30.88333197479589
261,12.15673793700536,-73.36371921165264,32,20.903097797088673
262,-77.60969270391979,-73.62658266704932,32,23.83930035213269
263,-9.249320892531287,-70.83561571748015,32,35.479093575741004
264,-280.9978286371157,-75.57063696634273,32,19.502513320164425
265,-73.22160669870564,-75.47396280851768,32,25.60516030019205
266,56.94401942139935,-71.97047380075422,32,36.34799270517361
267,-125.59259205841715,-73.31196381364825,32,18.44894345670923
268,-22.19182514270925,-69.00691836079564,32,18.986918808446013
269,-85.68000837171243,-69.51474318552111,32,37.292929063961346
270,-185.4471255428708,-72.17565460924452,32,27.92827171199028
271,50.825518550035184,-69.94385770271137,32,23.890605819864685
272,-155.44545269191624,-73.00330036831981,32,18.934244393138012
273,-47.50664629573009,-72.43297210113437,32,19.409957036510708
274,25.665628232339586,-70.7209127161617,32,29.37510968223161
275,-259.7515589032546,-74.72838586669863,32,55.804923947910645
276,43.77297807882235,-70.1550714294747,32,76.12330799272885
277,-48.56959748239454,-71.66158618551268,32,32.392283266001265
278,-62.31272374433484,-70.6605331380607,32,41.345431837942094
279,-27.293657887950815,-70.90217900900194,32,13.306484640255219
280,-205.55223853081955,-72.63040951251827,32,40.22363041730613
281,-83.13708851972646,-72.68843252143836,32,17.40307759468722
282,-163.75748032077968,-75.62463062675732,32,21.21452315281451
283,-33.056709367781295,-74.99881972101792,32,43.313516809301326
284,-46.42764036557462,-74.81618051388197,32,24.56369782659433
285,-121.58176984204059,-77.31930612827989,32,22.083113258304433
286,-27.951297334050153,-73.57181089612094,32,23.960391400304495
287,-40.37940689757548,-73.15942270491064,32,25.53119142442233
288,-19.173178372396904,-70.40455871360254,32,17.23762274123845
289,-68.53015430364911,-71.33398757020244,32,19.242262452703155
290,-15.74635450904853,-71.05937246139169,32,10.810650753010142
291,-29.784048968746205,-70.11466548676992,32,18.845711055758326
292,-44.30125795590513,-69.90882238748763,32,55.11480672940392
293,-58.83646732778426,-70.13860707824234,32,10.440691290555284
294,-46.13435818535122,-70.20809848469892,32,23.42473637738386
295,-18.65898343228885,-69.4028876064229,32,38.39484368468249
296,27.745162567118783,-68.94038925615156,32,47.47315369022624
297,-72.3635292034818,-69.80664711943118,32,23.68551611547071
298,-279.0858522660478,-75.08977035769016,32,33.168084281768664
299,-35.38482149118492,-76.68027377689071,32,42.34390512288872
300,-29.01455458508336,-75.58132970180877,32,27.349890831309025
301,-0.6258964421437838,-71.25889951722364,32,17.417877448723164
302,8.595064143479984,-68.36429391972786,32,82.41898804255317
303,-4.48663732263077,-67.98686691111398,32,15.838278858187733
304,-12.922687459612959,-66.26597626489568,32,32.86184214848592
305,-95.74689262463404,-63.74236376466497,32,39.41195843248902
306,-24.281919884102763,-62.56322136056402,32,45.85573627517445
307,-244.44842535015852,-66.7510653632458,32,37.31162359354369
308,-167.22104868744145,-69.76656067418644,32,29.060298283369182
309,48.546850173849435,-68.04128285469139,32,21.031963747766994
310,-247.7372164320422,-68.45891187863191,32,78.67811874253591
311,-204.0179585153811,-72.78240580767964,32,33.35245378958538
312,-307.8085409769948,-77.38638277314114,32,60.6867892963723
313,-231.1164755583144,-81.8237258664568,32,32.95785844570283
314,-92.88989951824455,-78.06156728407939,32,27.42941771765539
315,-268.5036643195892,-81.96720843649706,32,15.143896275503353
316,-373.4513225953821,-90.57511527683269,32,108.66236507642053
317,-82.74869403157908,-89.71823731629593,32,39.913700153044616
318,-6.107821909143198,-89.3965572516246,32,52.29746236730789
319,-79.48193408919313,-89.2725957659742,32,46.279578851511914
320,15.755623655939857,-85.248540781998,32,19.494806984087575
321,-106.81842808272806,-88.40141971465327,32,39.21558688334714
322,22.012331049720757,-84.85226403982051,32,11.416677080718662
323,-54.462934251992195,-84.99138979894575,32,29.228838051671477
324,20.539600194453012,-85.0939103597035,32,69.87852310459347
325,31.541114372462914,-79.26805689418914,32,16.16650405827552
326,19.383904770469897,-79.7558383603562,32,19.371624905986916
327,5.510865871203137,-78.67422909328424,32,24.85504595149251
328,-35.971819446243344,-78.14741100732242,32,28.911584139276492
329,-20.055456326967317,-78.00264697610275,32,14.260435916105909
330,-2.5978931705570005,-73.9435600688975,32,22.839388495779154
331,50.86290065936086,-71.26356028531575,32,24.57312541640899
332,-23.15771120015873,-68.45156490290333,32,19.055781089981465
333,14.419575121885032,-67.50203921311,32,10.371911586441549
334,-6.364441996874078,-66.700775245736,32,25.82928242735489
335,-22.102286956092442,-64.71118558801703,32,48.19961284815189
336,-58.87237795696908,-65.32960720047541,32,25.21818248905073
337,17.881365349761964,-64.16439175552867,32,20.14620227268324
338,-65.39113042106138,-65.08875079650196,32,31.011350314658948
339,-16.868887843768903,-64.05552546730434,32,23.906621742210454
340,34.23226986413407,-63.05595297984068,32,27.35783531089996
341,-11.980984914713844,-62.69989169876004,32,15.922330928142843
342,-149.18690455892866,-64.7976046308205,32,24.26618060818132
343,-24.629533627998654,-64.1134659568248,32,26.98481134058085
344,6.321465793039817,-63.064349477256975,32,51.89889256093869
345,12.357339259252157,-62.44402302342616,32,12.342599913029954
346,37.42211343766485,-62.25048400601524,32,29.80379303368925
347,7.4276215523672136,-60.65466099089826,32,19.34370587447739
348,-30.461149626469833,-55.68216693810668,32,35.24413220387183
349,-18.17823134911906,-55.33803513526537,32,22.016707396271403
350,-6.17974084903625,-54.88133886054444,32,13.151776464620614
351,-15.951931311920973,-55.18785955793997,32,15.217465402078902
352,-1.9619981279817864,-55.399000803369205,32,20.491741238812935
353,37.35329237545457,-54.5622022094075,32,28.968923339906016
354,-4.944397960432777,-54.40263641942391,32,61.057676587265014
355,-24.66828918660954,-52.98106435066342,32,27.540988411834547
356,-13.02331831117786,-52.755892319204925,32,25.890099024096052
357,-1.279700179069991,-47.89251781578315,32,22.25619797904794
358,18.635827533053643,-44.17538029137325,32,22.856712463490148
359,-4.687472442022582,-45.2400667436907,32,28.87829739434523
360,-122.3571363184225,-42.732465141418295,32,32.038972811728705
361,-213.93649242158216,-42.93083581954232,32,30.442750137533146
362,-11.717485460401505,-37.00901470921045,32,54.62794259520685
363,31.956068509350644,-31.74756382785715,32,12.083435680037311
364,36.99098743821,-29.149946088728058,32,30.44772206644943
365,-107.31343335842139,-25.9261414695047,32,36.74601288759847
366,50.74077154623842,-17.44229958667229,32,29.269075148928135
367,-13.165230138365303,-16.050630308808014,32,38.36970034916192
368,-163.8727076197799,-19.20592802302075,32,35.951138451782214
369,-285.23883212984424,-23.32106598383377,32,58.405633513445935
370,-252.62256747002223,-28.68862980635301,32,26.215613583243176
371,-10.610777144129601,-26.764476787581042,32,82.51752820944068
372,-214.58636859859138,-31.49645078054729,32,35.17680366152365
373,-279.1444383707312,-35.99008086292207,32,49.308084582864
374,43.93128756389511,-35.522247115533226,32,53.642040975901274
375,44.8939884605567,-35.25518963377135,32,27.519861801566464
376,9.792380318946144,-35.447020122801824,32,30.2972079367576
377,51.293153376939614,-34.53137437268709,32,24.495622460018314
378,-44.08204105402041,-34.69357880484264,32,60.5394500392175
379,-36.32377873884219,-35.01894525308013,32,34.6505713256558
380,-59.21534711848267,-36.15129433203865,32,57.63834291184216
381,20.314709842772103,-36.76225814837042,32,39.65237939786853
382,7.786389835095205,-36.14337612766534,32,62.211157671771296
383,75.20010007368083,-34.92776562862942,32,21.19562351101848
384,15.746541167830586,-34.485545965335334,32,13.090947128314012
385,-234.75941609103793,-38.73868854803425,32,88.10000834697587
386,12.827676098580113,-37.30468746692326,32,53.13963543252367
387,-176.05563080891017,-41.1834273900967,32,41.27068276916874
388,18.835314334941813,-39.498898494976636,32,24.95548257582723
389,-36.32559870349826,-39.888032712171224,32,37.36828135253818
390,-4.163856877748586,-40.65595524700888,32,31.963669498334053
391,-135.91785794230287,-43.13469270756066,32,31.37683734057065
392,-179.88413763784558,-43.748637369139,32,75.38225664188259
393,-113.29502267562195,-45.521947150091464,32,77.07777427052469
394,-148.08668509893067,-48.61011016793087,32,44.361227400841244
395,-11.098969832922108,-49.079236349774355,32,91.94282227821799
396,-223.82967850669417,-54.30427218866154,32,44.60271685184853
397,-2.0108111416893024,-54.49304084254267,32,18.61311691693312
398,-27.439404760344416,-54.43260594522017,32,22.570893071013604
399,36.03819912777373,-53.348277335682305,32,124.96442862741938
400,-66.61601409466834,-54.557002800594944,32,75.9519267925181
401,-180.79101849280653,-57.85378454421266,32,88.44045454315118
402,18.95445219122365,-57.435455537828545,32,79.98297175503052
403,-171.5565294306447,-61.61365197395054,32,75.18492377633939
404,-1.4372877214830209,-61.54350976917154,32,63.65474991701262
405,12.03336432636161,-60.809476698912114,32,40.067357840645364
406,-1.3217805697483236,-60.57544594408353,32,86.54517925766297
407,36.909664072378916,-59.811658659054544,32,24.392524973362104
408,-1.5161914560610796,-60.214699038836855,32,31.495389643906478
409,-53.01960425836167,-61.181341675163615,32,41.02225792358154
410,-22.358800836818737,-59.181374965531546,32,90.18098175295484
411,38.117897849981034,-54.140287160100286,32,26.845743947842404
412,-11.291784715376139,-54.13177314519978,32,25.022168396613285
413,20.072830307746013,-54.369437909231884,32,123.98488120962521
414,-102.7905690800965,-57.16506903959801,32,32.97321271959883
415,-12.297088797601717,-55.26474214838162,32,22.732301954118167
416,9.156524679874806,-56.09642708570887,32,36.824106838304225
417,-75.47869022382248,-57.34269628741802,32,28.03591533824946
418,-48.19391682437261,-55.02912047150988,32,34.30003196636908
419,-42.977100528336294,-50.183885839479714,32,16.41428068734404
420,-3.2097961427391652,-45.19563041293406,32,12.153222680574451
421,53.43165830999823,-43.9147817038515,32,10.482951769306952
422,62.324554122022306,-38.37656324943922,32,26.559694619517373
423,28.727045747405963,-32.219133567076476,32,92.37077633965212
424,12.102261885216706,-32.85571408065005,32,14.815814272446172
425,-40.86447199602347,-34.570883289781655,32,13.213663203453839
426,23.267889336422357,-34.30137310943213,32,26.795104126604613
427,0.4070587464262445,-35.3190950020424,32,40.38662253188276
428,42.64288223535083,-33.58459653625497,32,70.42906200390688
429,24.460553312921505,-32.3689098952197,32,14.276693510844579
430,33.20738846933256,-30.520455183463397,32,45.20860460087991
431,-7.572133253298418,-31.078192045384807,32,17.84917151856376
432,48.74055656081582,-30.259108710870393,32,66.22050316762969
433,10.175057489134744,-31.559609562561313,32,23.593499153102343
434,-50.04186576107101,-32.87537770113934,32,24.868161793920354
435,-30.25151461252436,-28.78521967156907,32,21.271588340852993
436,4.088623141046,-28.960000730719756,32,21.142865408101223
437,0.31117732388524644,-25.432664568063853,32,23.43595413102864
438,21.381141186489273,-25.381748031032902,32,17.551808364657045
439,35.43890376062808,-23.946457981750374,32,21.783601488433447
440,-43.5472531789502,-24.734125907774406,32,31.871030806704752
441,-39.990486403790726,-22.815578477004166,32,11.373283772294515
442,5.56612845500797,-19.106573155147093,32,18.690988410501024
443,-4.523536964186604,-16.93114344091838,32,23.974080757223348
444,33.82648335568459,-13.292880071826078,32,17.60654656881408
445,20.428963583738252,-12.662321403492871,32,18.923037616133332
446,-36.10737530349432,-8.907875339428877,32,21.809662939723722
447,-23.219565555399384,-9.332050427703075,32,20.937350877761332
448,-64.44046112711703,-10.072071555038528,32,15.03389459251858
449,32.41673004565294,-10.144500936680943,32,35.22242968700966
450,-6.32477693416719,-8.938676193470924,32,47.286127325991515
451,36.53474567937198,-4.59216091002735,32,16.783761469679845
452,30.0866524824801,-4.369516904202222,32,40.828142003880615
453,-3.576150458774862,-1.0099093247648232,32,31.515934041968862
454,-4.726149499084002,-1.075686560316843,32,32.71414999301753
455,-40.03352155983856,-2.1170242780408475,32,32.97697607406778
456,8.322824443247953,-1.924132177780922,32,33.14906281211816
457,45.01657984103696,-1.7619938624077605,32,8.76521738418037
458,57.187814651333824,-0.5879137402598624,32,100.47447726893836
459,6.800546143373907,0.6084892677748482,32,33.023964672543116
460,33.77061885838867,1.7310776616789962,32,55.52835790268014
461,33.199623979790346,1.6327121842751824,32,22.911813077016706
462,-18.166614052291507,1.4952155975368755,32,26.803818973746406
463,40.88011589761348,1.9113613093342239,32,30.27683130773136
464,-7.676877675010822,3.813635137435938,32,60.72268782166606
465,55.43416559022367,5.168260225192444,32,28.426237264682175
466,-7.017689010911397,4.844775951376722,32,32.50480306855095
467,-17.47120988028405,6.00492555824749,32,30.650409998249177
468,-2.188838547339901,6.925027123788144,32,72.3327893837638
469,39.13047712445319,8.567178676843932,32,14.691308995782784
470,42.91743755021065,9.48972335070293,32,23.913813058705205
471,8.739432910293573,8.595878842708837,32,18.44690040374691
472,6.15415966262195,7.472470953520831,32,38.35776486423534
473,-0.5775461303323084,6.886379115966065,32,18.3991301189926
474,13.80620143500899,6.920457906961909,32,43.911404467337654
475,-50.387909308298404,6.7299891607164115,32,78.36029255695055
476,-1.682053522986564,6.230990303528233,32,36.03773804086847
477,37.974729221854105,6.982343713036791,32,83.8658414847709
478,38.50850656124186,6.89965619955461,32,24.67991459440528
479,-91.63118851139343,4.577821363068312,32,30.443364574401304
480,-117.11428013745208,1.5713879909326198,32,56.1448083308147
481,13.104766293025584,1.9849259818590996,32,54.58786857295742
482,-3.922855990835897,0.931657730826065,32,43.29845391298346
483,-64.9576016421762,-0.5709954518001541,32,21.705057655413437
484,-36.127139827376496,-0.29270093312626355,32,69.09896198316635
485,55.50691728356728,1.4224677047955696,32,90.0654650292312
486,-1.2192380601713069,1.3163104807712227,32,53.74534499717135
487,10.392783693342864,1.5179426081603753,32,41.728424894673914
488,52.39914463435977,2.1383026771177844,32,16.39378552971472
489,34.16052246947204,2.1127350512946648,32,45.92777229871662
490,-75.15140675567442,1.4806519797601791,32,24.774575552454838
491,-81.05045968855258,0.6594525140649438,32,30.69180029230095
492,-63.70249561835203,-0.7259199674022571,32,72.27831098424545
493,50.50851159416138,0.37472100376470335,32,21.35777855814191
494,35.332917545536,0.404849687561731,32,81.40221859194489
495,-202.59284949568848,-4.055586574026803,32,28.503828022593584
496,-113.94283419356812,-5.612295751828278,32,20.72546177319583
497,-102.85103460877296,-7.204925132895751,32,30.322368265049253
498,-19.534159100510628,-6.306799092363622,32,116.02258188097305
499,-121.65383727060868,-9.388210438688855,32,52.23404089416547
500,-79.89177709930877,-10.859550441991686,32,42.02109651681371
501,-50.60664834975613,-12.60237832257425,32,32.312967762367784
502,-30.293869606871027,-13.809988764361272,32,80.8549013435101
503,-110.36196630261816,-15.945705081238138,32,40.69482564617588
504,-207.82267620669353,-20.007635615390328,32,20.326553674492875
505,51.544442857445446,-18.17607632704465,32,115.77067018863247
506,2.147708225139391,-18.29957865140682,32,87.17766300594757
507,-52.97393514298595,-20.25938895108728,32,33.658688157311644
508,-117.41059060870487,-23.751357056288054,32,38.25537949328023
509,-79.0702960938925,-25.468773901033384,32,53.13709790678464
510,-40.35567429145276,-26.951299764030203,32,34.78369892365084
511,21.30997724096335,-27.189092698806743,32,33.463810680977204
512,-2.391950449626404,-26.873599426753447,32,69.2108315397231
513,-34.155061772823814,-28.37430298016219,32,17.28989788157827
514,-48.419881748323036,-29.189163061628427,32,81.33478707512802
515,23.954073877891243,-29.818764895875084,32,73.59349647999947
516,57.95944610731755,-28.519222193510505,32,83.26411574022548
517,-32.44691976822464,-28.818736391269322,32,79.04889830675897
518,16.30862148986044,-28.44878719052532,32,52.765633271214476
519,27.56465883018602,-28.680103556410657,32,22.287853249448887
520,12.650603194954996,-29.285440243515765,32,37.50000286885844
521,-31.101773487254462,-30.082264371466728,32,19.144219730269036
522,-65.20763189932859,-31.50950020270574,32,45.11295710579632
523,-26.91766815541405,-32.03630264320737,32,41.306116563519836
524,-6.576910897608438,-32.44396488985972,32,35.77449526799104
525,-7.195527594576973,-31.580117255585296,32,60.72427249346744
526,-7.000584451029183,-31.68648787414614,32,74.01811009398986
527,7.272650865894661,-32.30052944126533,32,56.84278926629916
528,33.7931172109268,-32.39483722827163,32,95.01159149116474
529,31.005522722943596,-29.942103003584894,32,19.381768711056885
530,31.68470198457689,-26.96612336114432,32,29.970866829168596
531,82.58165780307102,-25.576585530943408,32,69.38323617655894
532,24.462122915220682,-25.00888595282227,32,97.93224712978156
533,38.78827892574314,-22.93396834146389,32,130.9932138367197
534,-168.54048580184323,-25.582235260953226,32,59.72306105531007
535,-20.3016173387212,-27.09840595339899,32,62.73896754856177
536,44.19309610870775,-26.190159270021407,32,136.28011436744964
537,11.295121648373867,-26.172112510920787,32,57.90772210522825
538,-34.91565563433964,-27.918408516294775,32,22.908405633603277
539,-72.55823342979208,-30.05278363428006,32,58.36033679598401
540,40.97266048469629,-27.730302289472647,32,46.46611340428441
541,23.432092207545402,-25.64065125155069,32,113.33499103928031
542,41.81627840261456,-23.530275771131354,32,78.94719011579451
543,-5.307873406391017,-24.646603471142406,32,62.01696066381413
544,-27.237664802941964,-25.898015118111967,32,43.00391283047643
545,67.10562156349768,-20.504045696928237,32,59.11010360222786
546,84.37972988442932,-16.53759441536829,32,43.05254644000185
547,-5.735605811223699,-14.595285839417304,32,54.38387617720783
548,32.23612120555503,-13.559880233295992,32,45.63109189151541
549,35.86504619901993,-10.409502563903418,32,45.845244325380605
550,-100.50602501871937,-10.82178752229163,32,45.54964285373875
551,90.53339837221756,-7.9989865878521575,32,103.1358389948803
552,-102.19972432639963,-9.43710368224273,32,51.009686395907124
553,-54.67574526148874,-8.323379261420143,32,90.53455529240031
554,-59.6361408443792,-5.359648554173856,32,44.18157603315747
555,74.2335805528939,-4.905865800264888,32,74.29034415864152
556,69.15431270383237,-3.5657337106910267,32,76.11799823436567
557,-30.751487936644793,-3.121284766564204,32,98.17977392963122
558,-32.46770946216634,-1.4224271436334328,32,56.84600022075717
559,-38.49343459002867,-0.6108899135561575,32,59.011458042113446
560,111.50534111753413,2.426330394623581,32,41.032559703123695
561,67.1578249270711,3.3432873483457364,32,112.1127552703359
562,107.66804568086735,5.544487270955611,32,81.88298462824511
563,-91.23250322054596,4.402938442001168,32,38.64898076485937
564,97.20047042376098,7.315345485442849,32,114.52180974974685
565,-5.263583084846644,6.730992346188092,32,52.591398794985
566,114.48152050149855,7.861433834071709,32,75.90880376710277
567,-18.563489724962352,8.139102434936955,32,29.104300121666462
568,75.78034946586095,9.328536994456964,32,70.49788423985142
569,72.57968467463137,10.228837511345873,32,95.51961647713576
570,83.38280017747773,11.643481450996326,32,57.16232353351278
571,55.74250296594028,13.380366980060222,32,95.51179123004079
572,35.90577828478703,15.402635183742534,32,116.49232076340182
573,69.81052562184622,17.337199059287737,32,98.392493055453
574,7.510484661146563,17.61894697046284,32,88.16466965401072
575,-2.010445197513734,17.722648618404104,32,59.61837862823473
576,62.80548069540955,19.11876992133288,32,171.93133525599342
577,64.71063514341418,20.267529606883265,32,74.07520556708691
578,48.02074485970535,20.552082159858838,32,81.84890364679572
579,46.92128810507075,20.870397467501384,32,60.37079429533085
580,5.699118659653195,20.35068580100291,32,42.16425366413431
581,85.3909926287633,20.406872497516755,32,68.66209892094778
582,74.21882601790567,21.402006559570456,32,72.92342137336696
583,25.11630511914069,21.128567083438405,32,30.587539216363165
584,33.44598763225065,25.16829655212028,32,18.828054810800065
585,3.776019436908541,25.64984928763288,32,14.882414900421123
586,94.96101903131512,26.665207746085024,32,79.84721528516704
587,6.31750166279032,26.565655346373354,32,22.913920270197146
588,152.27114696704152,30.30939139840098,32,64.95770994451078
589,104.35339284863063,33.84762392396943,32,73.52638323856694
590,-17.509978420777188,32.67797114585996,32,73.39421107132986
591,16.77844789590543,32.54489825962717,32,57.36384661498998
592,132.08641143404137,34.3503009202557,32,38.18402003839158
593,-19.500374878165147,34.06645089082022,32,30.924271478809768
594,49.77004687317182,35.606605124342494,32,77.26627328949351
595,-22.712778034257298,33.8102371323874,32,33.49123233101231
596,5.90103873078516,32.240663309314506,32,39.811131190890904
597,15.258677908299308,32.66054898370497,32,59.292571698213116
598,55.3728942688725,33.12328444497132,32,55.06434018678889
599,-4.146886354182243,32.32304579390727,32,66.91619264107689
600,-7.8075216386410915,34.17701586150884,32,49.40129357608183
601,50.19419904958084,33.37023187505611,32,58.453629887351006
602,-31.327449704479946,34.7876773674945,32,13.961072965574267
603,4.0599837903316995,35.96239194853091,32,33.274938928514274
604,42.30213612920679,38.001157488002626,32,21.064709481266426
605,-31.612021791166086,35.88424544112142,32,83.87317179721308
606,237.90571420622595,39.259273471169294,32,60.59107364891928
607,190.89085794542854,43.692120388810764,32,24.20198196314135
608,25.32862044625049,44.84804698697911,32,135.4477742180212
609,28.527630677528187,46.18846829233024,32,93.9764537487146
610,-10.858312106826773,43.74119522784303,32,36.37127206343837
611,197.3690904243496,46.345420537788584,32,53.036478129758265
612,41.4150117701341,45.02035985957393,32,47.680236741136476
613,251.66754695237816,51.87836086303241,32,28.049914364846654
614,167.59824070282554,53.2863162686137,32,31.839172888294257
615,6.7805964161582395,53.5271998586338,32,126.14270514547924
616,118.64557493858769,53.61048094737559,32,42.70694934334519
617,-0.35760095620538834,53.97459872275073,32,67.64021375938283
618,-159.80311202565656,49.26292949292038,32,55.65923193995754
619,169.891794432067,51.209171688069084,32,51.979294130079914
620,273.20862945926757,55.005688273704884,32,45.75361996525623
621,236.57276529639904,58.62229352031406,32,38.93713235856889
622,191.51061544019194,61.734390263422156,32,38.058035426419266
623,243.6653090225268,65.21148593143577,32,52.402004098232865
624,-78.57147023975736,63.48984683341769,32,35.983036721754374
625,-144.42625254040826,60.6415306865598,32,42.79528157672732
626,202.73272127147123,63.44007549808103,32,38.56550636372132
627,-9.765916285468606,61.950544469503384,32,33.524921921102035
628,41.12026375832208,61.81253484747571,32,64.22620708410605
629,260.7711307778627,66.08953170093154,32,31.734820203624608
630,-6.819728200472085,65.83915476372904,32,55.528304111815494
631,208.3740770886366,68.2988164529265,32,69.15163819124255
632,-80.82362435093314,65.19796744554974,32,100.5119822855461
633,121.65778698697355,67.12879708290639,32,43.215792302449024
634,189.959822099969,70.25907377226075,32,55.11924485507939
635,62.2231387540961,71.4280161586045,32,82.91160285687381
636,208.5190264386249,73.6991763067507,32,59.03061261941671
637,140.18377606303443,76.37650179475558,32,30.908273083789204
638,50.29858625242633,74.3370505804633,32,39.60800718525261
639,36.8954279349486,72.98789128218965,32,37.22719682430422
640,41.44187254535629,74.16692830151231,32,32.740173195007706
641,29.412940530243134,74.41961815419906,32,35.41162367211768
642,35.925945752669776,72.49640884057163,32,32.947318257001655
643,24.71999404230523,73.38081621898104,32,14.316351540077555
644,4.506236550280747,72.47554001252321,32,41.8977854291746
645,3.1624729826045552,72.99304503286045,32,63.85508633118522
646,44.3278597257825,73.7615814527604,32,44.034265924523375
647,235.34758428224066,78.16335958023924,32,24.109401641346967
648,22.524748663761017,77.506396668137,32,38.60564157444789
649,22.886617121918704,78.04706673765901,32,49.4753571061469
650,226.7464108231418,82.73814538689467,32,103.39368943525244
651,20.92610322497572,82.15278347040257,32,45.92026904796657
652,198.34245077588798,86.74618148000995,32,17.682546574814385
653,211.57904128220332,90.89656262984738,32,19.856779162248678
654,-136.5129913268776,87.32026008072567,32,40.93973352483776
655,36.13052639041197,88.67511104435725,32,40.803021047402325
656,-9.939609138155248,83.71820457746962,32,53.177593844582276
657,-82.76308777351142,78.24512566309082,32,50.60547325229088
658,32.22221907227936,78.38299763561139,32,60.97913145536236
659,5.8469649919141204,77.92938432189912,32,81.82743194017857
660,28.306974110173314,78.71269004623912,32,33.37462855049494
661,-125.0328321828719,72.26465159409469,32,55.28944094141677
662,44.02684408394481,72.3168882403709,32,42.108756235685895
663,231.03616816523524,71.90426066462804,32,47.178491703855315
664,76.51041426559974,70.08250413588353,32,29.338091237811852
665,-144.34569215821898,67.05997836439597,32,26.26257107172087
666,144.92571292014833,67.58558112402719,32,88.99719133477595
667,11.222412311090679,67.8171813893731,32,35.83437431733557
668,25.59669533500886,71.52517753658643,32,23.730823729918605
669,276.49464819043055,73.65723461175371,32,54.88129035095167
670,28.24424265163256,68.757946875601,32,56.60196828131733
671,278.6606040179822,69.59970365003267,32,30.18524379441774
672,-30.05481598466406,65.16839502153555,32,29.398534746590318
673,272.44465830374645,65.74398200715994,32,41.701496283149915
674,212.37325298399134,71.56287647163491,32,63.220662508196874
675,156.18631904038935,77.57512790325086,32,37.90559702301765
676,221.62977924278138,77.95306906267705,32,22.80222792038707
677,5.020964170947906,78.2488066718054,32,50.16390496683403
678,134.1786599539227,80.1099745957174,32,19.18197251992792
679,-53.48817021977369,73.82478857576467,32,35.6418771086503
680,152.549312519679,77.01216939016768,32,33.12987589864714
681,-20.881832727221962,72.42705119385053,32,29.149083730935757
682,-26.76565332165964,73.508210614436,32,29.03093143355858
683,231.66839196124346,75.7084227139214,32,18.66621651145199
684,-57.90951858745055,70.751035900173,32,51.38467330304009
685,-1.9508503185116126,69.46755611872085,32,45.374850944165786
686,-22.707613120792317,64.8430233275325,32,43.621565598086534
687,168.26051923256819,65.40455819092318,32,20.904827650385936
688,191.8089723768178,68.23476591341101,32,90.95486037847714
689,-36.35867843192645,66.76968378607351,32,31.102431669074633
690,-9.242428480494013,65.75599776555651,32,46.3631354228823
691,-73.84634273864421,63.69081210017875,32,19.42563184442981
692,186.1378231949444,66.69504964902426,32,34.0367074863732
693,24.100770786344967,66.68266518390504,32,28.112587522187006
694,203.28701079712883,70.65828066884201,32,52.76564738445772
695,160.39724275728037,73.80297606433551,32,34.59646518903167
696,223.22185199195928,77.38085590965906,32,35.52045404027112
697,-35.664642101162954,71.96061138199099,32,36.45754659666933
698,31.421859256745478,72.13855359385067,32,53.95038574999295
699,-21.07163714663197,71.25938850847965,32,55.00019507528122
700,214.6594851980601,71.01764999597803,32,54.607158320348915
701,217.31115233039878,74.94535097808648,32,24.16756561654445
702,233.44018387506682,75.64730564007006,32,34.48941816160663
703,-113.74875494527086,69.14074971552057,32,59.14202725305358
704,212.75106662433595,76.12603087454485,32,21.209949074108316
705,79.54778143730482,76.99437597548271,32,51.98891460933702
706,-30.5364046519839,76.58244006520614,32,27.989840194937447
707,256.4695041175704,83.36709190302777,32,65.50663630161785
708,-4.310594739546417,82.63643562679127,32,13.912367332924196
709,-116.51114480493479,80.18927343085429,32,60.702121710903256
710,-39.45117967619022,78.83411035512701,32,23.875973183503056
711,43.43804870710068,82.20352797292645,32,34.47043206582895
712,-54.090334096259895,80.24118440932236,32,26.45479385386072
713,227.0568132145126,80.16159731030791,32,55.36454046086088
714,-101.36087933998748,76.60417143819618,32,49.3760430853933
715,14.148985629705322,79.77406499395465,32,60.90492878693073
716,25.58212963800092,77.3871933283117,32,37.759572451209394
717,7.831975856734047,77.31938459922456,32,14.130283136365719
718,25.208141016674745,77.31161351285789,32,50.31758671538375
719,19.019774401681985,72.16211603708291,32,45.99769640738133
720,-2.7999408535949613,71.54123236697836,32,54.09027153057271
721,-43.13141802455225,65.10539192612768,32,46.22689873384399
722,91.95167877272011,67.54552182127536,32,88.54884645770056
723,-5.677449834033055,61.98307965851976,32,29.24871846241133
724,10.860281126093682,57.952820221361804,32,48.29801283318532
725,12.967660820954563,55.088447056973116,32,17.436472709787324
726,-164.3498913579141,47.368853644959216,32,64.94546713294768
727,191.6508733204355,51.10145182794897,32,32.26730974666886
728,-0.5524030545276304,48.40683056777996,32,17.236521468174477
729,29.632671256315774,50.06924739730175,32,41.41672476171863
730,-110.81325583977714,44.80199603011263,32,34.10614514944709
731,49.10151935412006,46.201663071739475,32,67.0943608844331
732,239.07654057159988,51.51850694960465,32,26.9003677514303
733,23.102010690693174,47.34717932419365,32,75.27864085663676
734,17.82526660819154,48.86187502810649,32,31.880481424489467
735,49.274611847173816,49.886384271420205,32,108.26566454008025
736,-4.69782714099,50.246579991016254,32,46.672536848244434
737,35.80643224033318,47.59749825117156,32,24.749354280637288
738,-112.43226871135339,41.512673429408125,32,100.88229880372832
739,256.11117034784115,47.36207040500347,32,41.03995613265983
740,87.39273952817585,49.29477376517686,32,112.14273441347981
741,28.987297066470887,51.351446561279175,32,79.64517303776638
742,24.051038630625214,48.10971086999279,32,21.007682304886288
743,127.48969162368508,50.177489286739586,32,45.13256384969166
744,214.75281280302443,50.4068053268575,32,74.15360198828796
745,135.99884624282396,49.91883739656838,32,49.89135961966826
746,67.55506910516348,46.80550173883246,32,69.24982366887978
747,32.8584999858339,48.1759645805724,32,27.728333537546987
748,35.71307087173763,48.26178881287224,32,59.34089155433178
749,16.032070647503687,49.00386296875496,32,9.391966946800672
750,75.4172677878535,46.21901862055081,32,82.48636855840955
751,13.503494650368424,42.14286546695021,32,128.44024387520096
752,60.62766926755192,38.68661517479991,32,70.0156827059894
753,127.85668025814316,43.518723878868194,32,45.32996000950947
754,45.076627824869206,40.16523510287886,32,103.35022310497557
755,-3.55157552336442,38.50324796366547,32,49.44071313301132
756,205.36210520572592,43.221218160819674,32,57.41251763469306
757,221.83686685425624,42.528565415553395,32,19.274388608530632
758,72.59031107916618,44.066583531927634,32,100.13184084507813
759,19.82819017552336,46.79337023153681,32,29.118363857621222
760,123.85800298645603,50.059553884789736,32,90.69991033502579
761,112.13537286219298,51.433500367891575,32,41.474416498056044
762,36.528164086404644,53.245870331544864,32,20.486164753311737
763,38.5228593505542,49.4751912542657,32,49.13619935726767
764,55.053067687897,52.60347019482339,32,47.64026196019559
765,142.85920568650732,55.17767459595943,32,71.60501158633532
766,239.71891354840974,59.46041027416761,32,35.97072810884749
767,207.63486644353054,63.45646808590354,32,38.51325197631204
768,38.682137005907265,63.72594800568819,32,83.34497888408792
769,113.37561862796157,65.61306489021378,32,62.4587616335807
770,119.98776736978137,68.06881905468131,32,124.5401630585026
771,152.36149783384542,71.97867737184926,32,68.07219176439737
772,113.59442236719266,72.41153224373872,32,96.60608757114758
773,101.77483131485778,74.56057786671653,32,96.59223807689705
774,25.93773455265574,74.86212693524777,32,23.399653891266585
775,271.1098538872261,80.0249707965732,32,40.15140546026513
776,149.74910064098344,86.30695063655115,32,44.01104599535809
777,240.6410729331543,87.28675462880554,32,66.78154791097239
778,114.55154054653559,89.58883350082681,32,50.62619299965781
779,135.735780596591,91.71089568763229,32,44.53575488888325
780,172.347772677722,97.37411625798228,32,47.82259428074431
781,43.28560215457591,97.25779791399138,32,35.79214602762384
782,49.982510343015605,93.47591730941971,32,36.0379802159202
783,160.4359897943362,96.22259689149257,32,72.73482303142377
784,124.98263847126235,98.36574432875399,32,153.6059754569265
785,16.560622377873955,97.71146453936797,32,35.43569254751708
786,167.29888135961406,101.15139870938006,32,68.16606628437546
787,27.657377963354364,100.98841762384049,32,24.05434047393464
788,43.56185642572024,104.10830012658197,32,23.966344221496445
789,110.30555236662231,101.19218776695757,32,59.71521336295125
790,36.18052265783055,100.16794342955069,32,52.94294995077684
791,137.3117374898306,102.33443223801787,32,99.88775125811596
792,-38.71249244736224,101.07916161645814,32,33.88346744917218
793,14.990580505890478,98.82917939410225,32,24.854126201584474
794,-23.48070884473067,94.06450896114713,32,15.945802282799827
795,-44.359540772347756,90.4573412208437,32,43.79847884503405
796,56.99793133675905,90.24619846547563,32,26.594584778781744
797,-16.496012550846373,89.25910821474203,32,28.20125679380723
798,46.904406629802224,89.4829349299033,32,21.340287561679403
799,-3.459185350591653,89.0931098099414,32,12.968925204338513
800,-27.864797650240902,87.02746850117951,32,20.745216092597417
801,28.17157115888557,87.32083003134986,32,15.03783146433716
802,26.59200258885093,86.64011669777582,32,19.243209930303852
803,14.071138411214804,84.36440586083727,32,28.765719179693548
804,5.367479219430237,83.5702228887285,32,29.499668746735406
805,15.702752986693923,83.95530945892966,32,20.361041883106356
806,128.869652565744,82.42546040613003,32,163.96904821187343
807,18.40236424429432,78.35677035393077,32,30.98816557023421
808,-37.3004409292183,76.15895531376307,32,22.766624155685054
809,-49.071763995770326,74.7809562303372,32,31.94915167310454
810,5.403592943927009,72.41186802948663,32,20.439208021936963
811,60.637417740438195,71.38190892705153,32,36.70500155923747
812,-22.95598003018216,70.19222604471979,32,27.425556028333155
813,20.230660721632518,69.82638207214136,32,14.790680482396562
814,12.940021510148526,68.9841211485864,32,28.788328258274664
815,15.038684860336758,66.42771073206296,32,39.38461908961329
816,10.846764749554552,61.85026775608587,32,24.111667419429455
817,23.5352775957236,58.16827597912973,32,41.126083986698255
818,5.585337173858193,57.506339982488754,32,33.12418849008691
819,-36.07353860167974,54.51735683789591,32,28.6535751877722
820,23.32400095507218,52.584081509601745,32,34.87102338763889
821,5.520446469000333,49.647260482304844,32,38.88240306088499
822,-23.435974016848107,46.906652554624046,32,24.85517781796747
823,40.31587716575373,45.677473471641946,32,37.53704175290387
824,-22.679721243700584,44.705124355714815,32,57.79134969482579
825,-5.5866061863178516,39.17119515424394,32,29.529654821449384
826,-25.20680009591895,35.672077139505895,32,39.79946010190429
827,57.689731835241474,32.01305031754764,32,34.37759248569822
828,13.87612347590833,29.999541976135088,32,15.499554471229018
829,-68.02646238718401,25.924297116459588,32,49.64726863043292
830,3.873333174117903,22.554808326387505,32,27.394832816274214
831,26.580823363079247,22.220712750557574,32,38.355211110224445
832,0.542356793405375,21.231909679565366,32,15.66724612904453
833,228.66109797984777,22.5964118432756,32,13.875103941498526
834,37.0340458519245,20.837439990888843,32,19.51875458336846
835,5.225405736182736,20.61073565805502,32,15.531152115963112
836,103.66883168580443,19.338134664578828,32,115.459543747826
837,66.96873092435652,20.12436172379887,32,27.183172991177805
838,-33.52438035728244,18.582636988138816,32,16.93851883626972
839,49.67209666026392,17.36996787401165,32,22.118255182762756
840,-4.327794874683363,16.559801523361372,32,25.524359536628694
841,-49.27468706922157,12.828073032180326,32,43.11409871433328
842,15.86284283096235,13.919579737746819,32,33.59970972822229
843,31.399248363314996,14.247753094895309,32,36.4168868334773
844,49.12149048048437,15.69979708139961,32,18.419802073342968
845,18.282082252891826,16.952629541904404,32,28.185863003467606
846,-1.6912257874360819,15.778846399420496,32,41.314237841938485
847,34.78230733362801,16.804412797109986,32,19.405693550323726
848,54.613140101935016,16.958587466552643,32,47.47810403618522
849,43.45615557967591,17.89689428515799,32,10.010487516357834
850,-9.176925197741937,18.270651734207974,32,22.62247130857841
851,14.963436054336356,18.00648903211699,32,14.022457587995481
852,177.2279670278595,21.01920832089716,32,31.66116798755455
853,115.47137345837872,23.047213021840438,32,61.57048041354903
854,17.595381089573195,23.291771059243302,32,31.637081851559234
855,98.71879220254588,24.95209184356034,32,85.60930203278868
856,21.22216361574182,22.799142064560296,32,31.377387805479284
857,38.57858371578084,23.202666453990023,32,34.59415209811743
858,-25.50776784252345,23.438519915723923,32,20.14090453466337
859,-34.80097319232442,23.72393573179284,32,19.94496531627889
860,-71.71120702830302,22.18163973234824,32,30.71535078261807
861,-45.90928897255698,20.05070559808833,32,51.00893946637092
862,-45.97587516867033,19.59030769531857,32,18.818212189567937
863,109.75983944899046,21.38089126986573,32,103.69827171880543
864,-5.544524482003808,21.011200350022683,32,28.647979635060636
865,38.856843073093614,21.487563514277824,32,19.540268936870376
866,-18.614359007837578,20.89834103912998,32,23.848548814692606
867,53.04630881666509,21.488561663548808,32,46.81043229169869
868,-28.8613793348498,20.79962733337465,32,44.11353571972499
869,-45.057326972625674,20.619951565955727,32,25.668542998252548
870,-12.094863275542266,19.91157428134344,32,56.92179083456186
871,15.323980873263253,20.1076449694287,32,20.39995175750353
872,21.936460884830538,21.01509366746227,32,22.620677106359924
873,17.796854732381462,20.56471321879483,32,23.671511009337593
874,9.35592988189832,21.205426241306803,32,35.57238359026978
875,97.45189065786181,23.266196178190402,32,243.96049337709542
876,184.1570121747469,27.453472423603717,32,36.30065534376172
877,264.46134351594276,31.588904657217736,32,30.348955479820873
878,-1.8427341971401745,31.274527503756772,32,35.203678446918296
879,-34.16636917099885,31.95172936808048,32,18.08846233608794
880,151.40419988258554,34.90234670224983,32,21.86474895243827
881,-29.535526320854174,33.78001970857116,32,8.9296247812647
882,-28.511686659586957,33.198938839511314,32,20.437704333451517
883,15.638504292251085,28.93848696575938,32,23.182482198849097
884,193.9495573543127,32.076797195807146,32,32.50901665350132
885,43.803680115680976,32.848362683397106,32,43.80670617523923
886,-36.98234044917867,30.035339240697443,32,24.936710473257616
887,11.228355049240776,28.920531723195126,32,26.32722317755548
888,-44.212626887051826,28.70676679259974,32,42.810137940710895
889,-40.0490064346027,26.91234473070241,32,19.30547859332194
890,35.50355538117108,27.7089717358195,32,17.02504182820889
891,-24.10252250137809,28.212415027176366,32,24.04130376943036
892,30.32021876035745,28.50156254576427,32,18.924824457025814
893,-36.24075305723653,27.148762517353237,32,15.885131538674985
894,11.63531689050312,26.399039045553614,32,21.595030772259882
895,189.8741610681201,29.830880621858185,32,23.009278926266678
896,-43.82454071255491,28.988214323355802,32,30.061696816717028
897,-113.01957014738396,26.032176773735568,32,53.57101276317847
898,-72.09384903652092,23.498036990966444,32,35.62955468340528
899,-8.308855300744995,22.462736773358028,32,38.28551627603106
900,-90.29675968446647,20.84034008362353,32,22.35570086916864
901,11.675341588522244,20.77457819430726,32,29.5383311082697
902,20.11546515359244,17.632328156821913,32,28.629789746158778
903,-39.078731123653526,14.54132606518127,32,47.16394316948825
904,38.56642911915722,14.960747025772948,32,35.49712814733867
905,234.3247104060823,17.672865389843675,32,55.678653913338216
906,26.09090024211386,17.770240122371117,32,24.55334662884103
907,45.10596185163047,17.90078768508811,32,40.203622560372054
908,246.20698282185688,23.335082698375718,32,76.68246435630843
909,-6.098246627545564,23.909137229671295,32,50.72926188343571
910,-61.80765383388632,24.107208293559623,32,33.904363342981966
911,53.37387065239878,26.092871486058744,32,30.361053243917716
912,42.74505308040739,27.8672900510403,32,44.56832649512709
913,47.33222846707358,26.61873783140196,32,22.103376904986195
914,40.251458697930275,27.534657495000644,32,26.726345328987144
915,45.68196883556374,27.67116001025004,32,25.0123064200074
916,173.59638641344714,31.51537491867574,32,27.2514895371745
917,11.376669985100435,30.681982142044443,32,43.587320937625016
918,-54.4721553533052,30.169766621675336,32,19.435709054132925
919,15.964025800044226,31.390193677128735,32,27.48063596171342
920,146.7355020576898,34.56680098379337,32,106.66081089370397
921,-31.300090953611175,33.634319547255885,32,7.486185993933919
922,147.85787531628267,36.152747835884924,32,52.51392174002759
923,138.89409891657417,38.57469271956879,32,106.9886968340596
924,41.57789974214003,39.219132116773615,32,15.059970630448491
925,150.18815766531844,40.27385745692275,32,84.34444958936538
926,216.814976570204,40.92701674483189,32,27.201930925595732
927,19.04956228342627,36.018781120181565,32,49.46149019744178
928,-15.087256747535292,35.75389066917366,32,29.790243324287513
929,226.47126054628356,40.96664326351931,32,45.717157890387334
930,182.83037583315982,41.5951667825308,32,37.605171200202236
931,157.12677474101127,45.3284128037681,32,48.66356519059662
932,40.38350848422809,46.7063167066444,32,54.61890937916794
933,-34.041900450951914,45.71270861178034,32,66.60541410415999
934,30.006140636210887,42.43384027741832,32,29.50657595441239
935,199.4827883980687,45.54742244306607,32,134.91845285052574
936,168.64168799458773,49.659903011941395,32,81.90806220577895
937,105.9792383173202,51.55492067730298,32,98.63169792741492
938,-4.643909483015818,52.346295025383704,32,30.11732632278104
939,4.707096967730692,53.24141709343037,32,20.21632888640187
940,131.16155095742255,55.1545770049554,32,130.6261591390386
941,178.60843116378234,59.20879607825861,32,94.91883936814942
942,128.98132222682793,61.182018147588025,32,49.79384764831841
943,2.940113997431226,61.96563548868137,32,28.717683207358164
944,44.35143547895609,62.619957860450434,32,65.80331458706445
945,-26.177985718953764,58.29891492470896,32,29.069431979082005
946,-32.29712183151406,58.52946330232978,32,20.38982329679068
947,235.9869088806661,65.50959288289077,32,29.68464538492034
948,50.736232501929635,67.96619451365979,32,22.436173237607157
949,-16.550400527024806,67.80136360913419,32,30.451916524256934
950,40.7428498891679,70.42215580060687,32,26.32953567580539
951,14.914328061262353,70.48693553006167,32,15.869679575868439
952,22.555138623349265,70.53572899945681,32,27.7741830836184
953,29.629753401117,71.90989868995221,32,16.00731351350668
954,13.679984002952608,71.41216978762813,32,29.18743950122804
955,40.91680362281474,67.54401165196278,32,23.194967610440365
956,245.98853367227528,71.94196432056602,32,38.92588356153972
957,44.776038250293055,71.93536584853926,32,47.680825159817076
958,14.823966161142366,67.30770551532498,32,36.14108242362438
959,19.687949768915104,67.82342944325418,32,61.397228474921086
960,52.181386179724484,70.1032102435264,32,23.4646106879171
961,13.997137013548112,69.31567557074939,32,27.977537260478222
962,31.817746829127543,69.0971294457238,32,34.537223424713126
963,28.92040373473489,68.72889295107701,32,31.414359901589506
964,-12.10945379013414,67.68167470131573,32,45.138313682172395
965,28.955994172833528,67.34715520806112,32,12.664941155242296
966,22.041541571196106,64.3160583112161,32,26.479218051135533
967,6.750616590273964,64.22353724331957,32,27.15257564404208
968,3.077449044640119,65.3745293312785,32,14.851799250011865
969,242.45497761785464,69.90434836763468,32,47.31973528929732
970,37.42470671050455,67.71813246069098,32,40.50634214746488
971,253.96275224455923,73.4233893246544,32,45.88483767693388
972,-28.971526105182917,69.88680129622509,32,16.40345566007273
973,111.15314832267352,69.33198228434706,32,68.52537500164716
974,124.77728915103371,70.99597007252493,32,123.38760916218014
975,152.55513918293434,71.04330970287725,32,195.52372229786542
976,11.111373464792734,66.92923764076903,32,22.91250281751521
977,29.53308995984861,67.13890819429749,32,22.288750359399398
978,-26.468037786471115,66.91129257351876,32,31.9794061615883
979,124.83256517927978,64.87851866617869,32,107.658769215124
980,183.76185509715978,64.89714825145869,32,61.65970303346366
981,185.99964280691484,65.47460561277676,32,60.46396905002554
982,228.30871932278856,69.23310982954797,32,46.04874660061131
983,142.6324625572972,72.76659708971295,32,102.55924227041257
984,224.41366351132598,76.65474754721525,32,25.91492639077155
985,116.87331982589554,75.00255817577178,32,107.2576737502924
986,123.00921769781246,74.08990876983628,32,102.7944251516597
987,71.26469669369996,73.39561793736387,32,45.63939872889288
988,189.124424827953,77.27098462358326,32,44.8022653866777
989,97.9477777127707,79.13579823848406,32,143.0889300685347
990,55.54730940921036,77.62351340751981,32,17.676844086126028
991,12.054352390006898,74.2924318320443,32,45.56921817432574
992,159.19817324644603,74.89676885243667,32,65.81871340664202
993,122.05853958914297,77.2791373642709,32,73.03773798593434
994,130.41362238160093,79.00038110232379,32,114.6349390342581
995,41.83505201521092,80.36064185700708,32,18.047157385112886
996,223.82149490684407,85.48301419177423,32,41.78605168416112
997,202.5518978298999,84.81431397075892,32,32.921654826299935
998,148.8118275721279,86.7758258721629,32,44.21649514945519
999,143.88133309954668,89.98446054469431,32,108.40417098193255
1000,221.30826167553732,93.5957687804217,32,21.239766499963302
1001,217.25156148840188,97.6425134489645,32,55.1554647283597
1002,272.40038693156333,102.63941841512877,32,48.13296771942696
1003,179.14832995757686,105.62978994625797,32,83.01731904866989
1004,170.19825435324694,108.76015535326385,32,186.58022466257356
1005,130.62803479165677,110.5543799766407,32,86.05501875304682
1006,126.92766716426965,108.17316264648056,32,125.89842421823353
1007,-17.532330045803022,106.92699528055866,32,59.86012214626506
1008,135.34702237201793,109.33745640477619,32,76.1109636281162
1009,131.36846806413178,111.5710667706805,32,159.3767495522651
1010,179.60663365239733,114.11957172013398,32,187.66503633515907
1011,21.13721800203183,114.26237333990365,32,47.97884755121592
1012,44.977705561955105,114.52557251456021,32,14.539757188553109
1013,9.732084500062243,114.14180612986675,32,33.78482611291585
1014,175.19153484382517,117.88782590254594,32,125.92650395476213
1015,180.30470229499986,120.91480006498925,32,95.03100238560302
1016,135.61242463895516,123.18621772634444,32,71.43674239201013
1017,158.76739662280914,126.22655332699514,32,39.95528264947061
1018,172.16418077393908,129.6082879615811,32,67.40891673669579
1019,45.395641653227585,125.66710124228857,32,33.38300882576315
1020,-34.0460909027354,124.23768529002378,32,27.93451795230768
1021,-12.670536063113872,118.90501952387032,32,25.874348561850507
1022,-37.6038748431405,118.73237254911118,32,93.79917198348609
1023,143.2048571194578,119.37340672504686,32,117.9782346188811
1024,7.229009666765236,117.02244113536148,32,41.5130527601927
1025,-32.4161645396419,113.32301506090995,32,16.673144525344597
1026,116.88074179147954,115.4384024274437,32,113.85631423723544
1027,137.45167516397058,117.59677413152613,32,112.49321338487438
1028,-20.552877808514424,117.71507733108527,32,27.313919195000572
1029,109.89515499546802,117.41632912740904,32,68.1960408235721
1030,8.52598390353809,113.91161170353661,32,14.038694065876077
1031,33.06880475894218,110.85299494257714,32,36.97913664667482
1032,7.043790688495207,106.42769636989128,32,43.57656302952369
1033,41.1582817047144,104.39821275283963,32,27.612556455583523
1034,146.88154277897632,102.84757033819264,32,146.8596426211998
1035,26.89757966424449,101.0480555349596,32,34.5573310783702
1036,-4.287691262164245,98.50211735576008,32,34.26775613144466
1037,125.8573336243613,99.5939700943733,32,87.1514857437163
1038,43.001810382292774,96.67151780546011,32,35.084301311281074
1039,-18.07645833611025,94.35103308448248,32,60.84932769741127
1040,45.38442417875979,94.14777537987345,32,28.88769934898325
1041,52.86459822971187,94.96398029666757,32,16.565287121196373
1042,135.67520492050699,94.49352093014879,32,50.3737357667579
1043,24.731221609510555,92.54697457055615,32,26.735495991490048
1044,134.46633515471632,92.62802882601844,32,45.63743374234129
1045,148.74432736002117,94.76621433291464,32,101.54311635524039
1046,34.7059940405878,90.98390431558954,32,43.449037240047076
1047,-19.708875279121173,86.53868885340911,32,27.578905380592275
1048,221.6025919589605,87.99450414114574,32,45.9597942679185
1049,141.9314668432374,87.95550681601955,32,173.49110131062386
1050,163.13290522302,86.79199968696923,32,177.43994148600524
1051,104.43582100493605,84.53568487729991,32,96.0413745279891
1052,38.184895523457925,79.8513750491378,32,47.734095162745405
1053,125.92754793886193,78.78695940876351,32,44.14099052393345
1054,13.60238308608406,75.65504198342025,32,35.29439010498148
1055,22.933056996702305,73.50114242752116,32,53.884499130955845
1056,153.25672504156032,74.02772358506698,32,48.115626939228584
1057,103.71138471408655,76.45259788026478,32,97.306439262617
1058,141.90643107529075,76.58378605433022,32,88.5496692391551
1059,124.02141364173625,76.43684496588229,32,180.28695881236126
1060,29.445218516996675,73.43361666317429,32,50.218851009509876
1061,123.38562909308801,75.47858488499541,32,112.0983341176258
1062,122.10726406575904,77.02117605507149,32,106.82033564332608
1063,251.48748358173316,81.8562840367049,32,63.347247263682604
1064,108.35705272228498,80.51959439427411,32,57.94622862273796
1065,126.08659843578646,79.43523231708984,32,40.67536933940634
1066,114.53543257356633,79.01369247578207,32,145.753993503406
1067,58.57103592487315,77.00976526182335,32,133.28912069240758
1068,124.78221319175698,76.0621259101797,32,92.42891064024133
1069,-41.23429990740627,74.32952707896702,32,44.88160822616313
1070,9.304057142458518,75.19653003987091,32,30.186284217670565
1071,53.74591343985625,76.52485902993031,32,119.88342176144602
1072,58.044648084512716,78.43782948848337,32,45.924543951778205
1073,78.97971146143854,77.15332657532298,32,98.3909167313174
1074,130.67814435897643,79.6223092691672,32,72.22234662892959
1075,99.67790050480069,82.26419057005607,32,106.90867796239688
1076,96.40533950612281,81.85468252434892,32,103.74174666198515
1077,115.41858061521883,81.41402063337388,32,138.9484089756059
1078,61.02464759564759,83.04557114145713,32,44.97456164499971
1079,133.67540495981515,83.52117614074406,32,67.71028059377367
1080,126.42544560129637,85.87916537469924,32,139.03072798766908
1081,105.59992760871495,87.3297878316947,32,79.99759202676368
1082,8.86242062425788,87.36616043040995,32,51.8028772129288
1083,105.51950480338144,88.65338489238327,32,146.8751718293992
1084,137.38485247930328,88.46345108638981,32,95.52548662443758
1085,110.02549914286976,90.12600947596233,32,154.8447992454792
1086,146.38368814181007,93.13943706404183,32,117.82161673784624
1087,167.93228737805697,93.98093613911573,32,103.17581626730299
1088,-26.9896003907308,92.58110792365525,32,34.57560272852488
1089,100.72399534053707,94.95711699718821,32,85.70776682515546
1090,221.80055345352883,98.4854395826836,32,44.89001033764489
1091,169.84027255323963,100.82495306915412,32,19.81762368285063
1092,202.91509898263246,102.16975095039665,32,72.61198287929199
1093,139.66882176984618,104.46850295360336,32,187.64556124296283
1094,275.27613527744893,107.28469895605802,32,53.74937186731323
1095,291.43770917918584,110.1385665924413,32,45.55923552390304
1096,-53.70758721557788,108.37029496731799,32,25.032074079362406
1097,218.09027111931834,113.12627789528676,32,27.335976639290386
1098,221.81701061385087,113.13056626838457,32,81.50681629271507
1099,107.40545005808745,112.44004593268158,32,118.19247239090086
1100,193.8596896955005,113.05458162213121,32,18.935006148013088
1101,-9.237846419109971,110.78110827365028,32,32.87022598713035
1102,-53.763130644127784,108.94214775029857,32,58.012788789454525
1103,247.95701701451205,111.38273713181155,32,47.60305455727093
1104,108.52093244504667,113.28110811899082,32,175.61921558037244
1105,240.66255143628027,117.6356980077824,32,67.46885316105887
1106,114.4959472474221,116.86048245189963,32,100.52196961847943
1107,66.70085183527061,116.1202717943233,32,53.65795947916975
1108,56.03338396262299,114.40281085206995,32,19.12277099576887
1109,93.77588629257059,113.79790030508663,32,106.80029911027246
1110,-27.53126539071971,112.6583706269323,32,15.193081477905102
1111,200.0628176062535,114.19191439719562,32,85.56934440577628
1112,172.04096533946287,115.19058842266969,32,136.51039997812532
1113,264.9900394882845,115.46063954080071,32,21.495177316213493
1114,217.5161272054752,117.64382103046454,32,32.465003207209
1115,108.89619253091824,117.30001291236718,32,100.5217979440448
1116,3.3283215919842064,115.07587069273553,32,16.448527937419602
1117,23.66216729139076,114.37769332006589,32,47.01598830747295
1118,150.87117371906842,114.89947253061212,32,105.12397310458566
1119,224.28655087745938,120.20988954630943,32,33.87757080068377
1120,161.6482772714219,123.25677394888868,32,33.84843319510729
1121,108.1651420598284,124.34515852128813,32,91.60197243086027
1122,40.59388138202576,123.99614318723837,32,21.18779970830358
1123,257.1895471684329,127.56033990137827,32,64.48192925294978
1124,-19.8641803991258,124.54949340621623,32,27.225012872527085
1125,171.27940072358678,125.98152341059195,32,25.778064748410934
1126,190.71351766795073,127.8676869738285,32,40.19119333712448
1127,145.4983968369448,128.469283298263,32,162.06166396232672
1128,95.69681261512697,129.16272659865263,32,97.09719625711973
1129,147.7480839774561,129.44418017900543,32,58.460473182408656
1130,182.67474239814143,130.56916611494233,32,49.09668785399091
1131,15.281263764998585,128.762792838068,32,50.6928582339741
1132,-3.425361039149621,128.51703720479986,32,64.21572205170419
1133,-21.225766072393228,125.98213178728435,32,19.688017738627867
1134,-25.335117501351917,122.72773238767124,32,45.062757998092216
1135,152.25590805300268,123.57234056587392,32,67.1339485446025
1136,-41.32108982594916,119.81824500651872,32,20.209535717585055
1137,149.4840432509604,119.44928012397679,32,22.331762367177685
1138,223.50139193690364,124.4590999705295,32,60.00247465926501
1139,33.80826668863753,123.1207853974915,32,24.64688206399431
1140,117.84765721914633,121.04172747280386,32,64.41935475397683
1141,178.66226117951314,121.21816724532933,32,45.38502381304424
1142,143.20010623560026,120.02386739038866,32,97.84758658963958
1143,133.50074365322405,119.90050582805623,32,151.20254150269997
1144,-13.533109632271447,114.12432092986182,32,46.27100141206333
1145,-20.26079184123506,107.8903509094534,32,15.671669082673535
1146,179.04353035995757,112.54537326096411,32,47.45816466833389
1147,233.13149844532316,112.8461978074842,32,29.420236382688504
1148,233.05455447891168,113.07094868478544,32,23.38169709571787
1149,92.68236143451284,112.77648691231394,32,64.62918985879264
1150,97.38728959343,110.84703891027253,32,170.82958358533512
1151,119.29591615704402,113.41771416179562,32,93.41833033672145
1152,100.83638600220766,116.50970449472231,32,118.83100609444988
1153,-23.3422651019833,111.0837188523924,32,39.05866746994503
1154,221.42309806803684,113.34176216485221,32,63.60895178276212
1155,101.08013199080055,110.55011377594263,32,128.16109094828298
1156,158.00344709401804,111.42026377287455,32,44.141802298612056
1157,243.26921199251026,114.95163097601935,32,27.870531263152532
1158,-28.249041094072325,113.26598247488542,32,44.407503600159544
1159,126.93785992197618,113.92922194747354,32,87.0636944858466
1160,207.8514160905794,118.63687557709953,32,40.97885237915497
1161,-56.80050403213491,113.49960914433173,32,31.81362945416708
1162,146.1676118767979,112.98214207507846,32,98.17794852476061
1163,-194.62630026394572,103.78981528003388,32,33.18364453751786
1164,34.874585562348976,100.1369844471713,32,86.39181572596561
1165,-36.317413303821056,97.23271233047653,32,29.77938934106628
1166,180.50784944253934,100.77630288748766,32,24.361163166568073
1167,231.69148585917947,104.93688925884341,32,75.10646123929648
1168,8.948477756394155,102.09843533958993,32,32.55622937020305
1169,38.85005914454315,98.38970550493161,32,94.8969138940518
1170,164.37545574902745,98.44424907448372,32,18.612130486499417
1171,-82.85942385533376,94.62375775618045,32,69.01531228250468
1172,52.0028255412088,94.85193663936414,32,66.42489541513062
1173,225.07073557284852,94.20956040745244,32,25.55619686028064
1174,-25.416236998770373,94.09851927545952,32,61.47781206795252
1175,160.99893521524285,93.89290996529266,32,38.34492057738848
1176,-43.04760148382933,89.21768758225706,32,58.57864456664008
1177,157.55187823192261,89.45875721015662,32,41.511847391372555
1178,171.16209311445874,90.96806282014326,32,50.23950597104539
1179,-68.1508343660655,86.65008445327285,32,22.352629029004248
1180,-72.82694403996007,81.5400507245108,32,38.46354142544145
1181,145.35303948426247,84.14148623889609,32,44.87402693304589
1182,-136.35651612864183,81.48286313710622,32,49.884208760040465
1183,-52.76921548239147,80.85199414890627,32,59.739655473114844
1184,-94.99982282885496,79.4587000423562,32,92.85596220834323
1185,-101.24076612868974,74.38876655872235,32,43.15096938659278
1186,81.09107610644507,76.83700987737024,32,140.68572101179495
1187,102.26061720571805,75.8925413564654,32,55.010460671962946
1188,-138.27975823034106,68.6569183531205,32,43.90762795444212
1189,-74.77466188911887,66.48525978156539,32,17.066826406450296
1190,206.23997818341005,68.25310620085065,32,36.33053052526081
1191,164.59261378039335,67.97171325286827,32,25.168733160050106
1192,-15.007190690295829,64.80756731435034,32,20.292341235078403
1193,-17.28450403577756,61.79186236057031,32,44.89544456568427
1194,-1.4046288047666877,62.03443197712039,32,54.24842479763939
1195,53.714604334696574,63.51393990063903,32,77.24543844600247
1196,97.57520000557975,61.884573293551455,32,67.23171741223064
1197,-26.33426012661465,56.69525812211271,32,44.06083027358653
1198,175.86793439820624,55.5515257204986,32,28.075774360274643
1199,51.820010696651366,54.73427870574138,32,96.68293262258871
1200,189.36821389831607,56.573897191839094,32,91.05600990732692
1201,183.16772475872693,57.85133336387275,32,115.66287291539612
1202,84.22223782201102,57.51905040026882,32,207.17938466520647
1203,-61.043166888470836,56.76503236453907,32,15.543865867349032
1204,-35.352918370549006,51.62951203576735,32,45.31167557591643
1205,-25.410056581299912,49.099708264325336,32,51.219390491157164
1206,215.69494919563283,50.25353830635763,32,122.8696172754076
1207,255.8426885202522,50.505007836912476,32,65.11898694485004
1208,77.42141279662277,52.618416914726375,32,50.21669789906881
1209,151.30358182974868,53.10573135288183,32,158.14050246026412
1210,-68.34746281693683,47.581753774731496,32,24.11281801295332
1211,48.07590284636751,49.679281912301555,32,34.98845770664904
1212,-67.43521135554236,45.40722544765475,32,28.06216500222447
1213,87.11380541153818,51.04202756116443,32,55.760543365730136
1214,185.07909857539215,54.046117821425284,32,40.46970521839124
1215,106.31846332461761,56.89883535399407,32,76.10736717830427
1216,223.4500404495816,57.75767917413492,32,27.916483911241844
1217,53.74497209950434,54.1987488989414,32,46.93946248362437
1218,161.6071812291763,57.25192296839705,32,44.66317560751655
1219,196.97920662795798,60.414505918065345,32,58.014833922573445
1220,187.22039653916312,60.87140473386807,32,87.06136211912857
1221,-60.85880797435265,61.31141705148769,32,29.16753438446143
1222,197.80704248292113,64.22750139032193,32,69.86160213331493
1223,-25.533052884135074,59.215425621182256,32,45.175067116743676
1224,115.15485733703352,62.026847507898346,32,57.144318238997954
1225,224.0156321235467,63.28718144606442,32,105.57325888373809
1226,-47.553833500498996,63.19705680573102,32,48.73246929189991
1227,-45.22485354592532,59.14152217017406,32,36.25077236210104
1228,-48.24684975490763,54.75334331278674,32,26.072091726310152
1229,157.56388313040384,59.26763766271611,32,18.543417786397487
1230,-25.89129568325201,60.20635062985029,32,20.719013168658638
1231,166.54752673269988,60.63024037481903,32,65.05855341881927
1232,23.31053624654446,63.82358142232275,32,41.696768608695635
1233,185.29395210136627,68.58484477399792,32,36.20553536271898
1234,133.0062278062471,73.14496578669996,32,20.46143287677767
1235,69.42778406548987,76.55833679058354,32,77.9276107456569
1236,-20.51502160686374,74.52621483631737,32,39.025678427971044
1237,183.76468474537097,76.15629618711043,32,43.242034011583314
1238,-102.91074177656871,76.86367651618588,32,14.349031463560262
1239,55.65115078123492,79.47219276959295,32,131.10761588990735
1240,-103.17423331279399,73.28390853966886,32,25.240860595337352
1241,142.64862962108273,72.84502885648266,32,19.335534560864104
1242,192.2103425930086,76.98937952214875,32,32.36538462717694
1243,-84.6425265149733,75.64221907256483,32,18.609723957536964
1244,-24.67715966113029,75.17676845543755,32,40.536655268162896
1245,-13.476023925533113,73.83295589023297,32,37.426767057431796
1246,183.06093822835732,75.54267065468852,32,47.44088942029379
1247,-44.02515427303841,75.18885277176004,32,14.958462052666002
1248,150.93425021362276,74.69017908806838,32,26.35614635454582
1249,177.29657474850086,77.19971036910536,32,12.498878015599416
1250,191.27964775012347,77.2379390461415,32,17.860166915001738
1251,-16.28562623135585,73.24887202633985,32,22.993360411375942
1252,24.042322439457152,72.04527371868878,32,95.92782555877021
1253,215.84197410442198,77.58297653854663,32,28.952770533537322
1254,224.23400109918418,82.77471492794128,32,24.47067139960143
1255,167.08905744308606,86.62469720842901,32,139.80989547328474
1256,196.23578182002385,86.23551386091684,32,67.17652571260182
1257,168.9210665544562,84.49708142160092,32,201.47640516225675
1258,168.0565919511076,86.3097850046906,32,40.3273828945044
1259,199.58137958969067,87.27534095988945,32,28.33403658602859
1260,251.96679951881055,93.68162620660439,32,32.66756871022152
1261,118.89516976393679,95.09801154495577,32,89.69360995799303
1262,191.48665677696403,100.27644890760592,32,28.12968876899826
1263,184.15615053958047,102.21729581016676,32,26.48063593842775
1264,211.37062204725692,102.74312627960406,32,27.942469154436434
1265,177.87501830911327,104.17425737929396,32,19.9688081011251
1266,-15.300454257060423,99.3992474851611,32,25.972882643463738
1267,190.04721318506677,102.12529230687237,32,48.40395839030031
1268,8.705202948769355,99.06725274126421,32,34.86996083440716
1269,192.67995305742608,98.98126766985361,32,58.51451656484303
1270,219.44175182392922,99.62569477554892,32,37.87343161592337
1271,174.62412362112408,104.33535340745846,32,55.286656432958324
1272,204.72469832375072,104.47370652427504,32,20.60844290006973
1273,-16.836702876987587,104.647633524418,32,26.885360092555445
1274,4.541648350579223,102.43536934468894,32,30.975543146837943
1275,10.624420793396098,98.16754511808591,32,26.14194044089219
1276,115.0395833423387,101.41941345494266,32,185.22764926700532
1277,228.21685595238233,106.8882476449088,32,25.164312952388535
1278,146.97546157185718,110.7926938714441,32,50.57389106551754
1279,207.85698149225678,111.79855583868117,32,31.288782838683414
1280,-10.571259462115933,112.10495656310385,32,54.452521485374376
1281,201.92603289028898,112.81252668625567,32,154.7009198748099
1282,203.8579399375546,116.42347476007586,32,18.23107395673713
1283,193.25355542878447,116.58266682662425,32,34.44429891593739
1284,166.8903156555608,117.26034858361051,32,46.24583069810245
1285,109.85384944512928,118.0688698912033,32,41.71701906152076
1286,-5.179101268447042,118.37558829797163,32,33.98777797329602
1287,159.96634762558816,117.89962155557596,32,47.79236765501622
1288,149.47820554092777,122.9474005019259,32,61.523962403346346
1289,126.31303633955933,124.36063821309239,32,107.77144020899426
1290,210.80649668838564,130.64025281311598,32,78.2636730671522
1291,134.6171915698634,130.4796240520916,32,70.95041534055837
1292,-26.136983157246107,126.1126775370865,32,29.450552207696745
1293,127.59066605357023,130.35734138845737,32,86.60185403189499
1294,175.94303826989602,134.3697453470779,32,88.83798322822062
1295,105.65746009583836,136.75241502750532,32,121.22001967917073
1296,141.9234507853131,135.92966527864445,32,170.92429031600025
1297,110.8534846332146,139.0272380567695,32,84.7225331351663
1298,109.1806241534184,138.1921655355654,32,106.44763877123594
1299,40.86451117762775,135.46352426414794,32,32.27112128648375
1300,151.98987176253067,134.6777287443961,32,26.894751769795707
1301,51.34985669309856,136.03043840288518,32,20.27667591537324
1302,110.45601249721211,137.7587122040403,32,59.12940203938793
1303,133.88338204158683,136.11954036278357,32,89.02753954057421
1304,164.97421722745614,134.93434468534903,32,106.90790698715125
1305,226.40223212280338,136.12060817894337,32,57.447865247732466
1306,196.5679722974811,136.1272519884925,32,11.180460233654943
1307,152.66751456541255,135.80218094871162,32,106.39602695172013
1308,23.358845914440508,132.90822602797832,32,29.615532802800534
1309,171.02402619576378,132.33707896009975,32,69.82755392782495
1310,156.05924254465495,130.41892782061666,32,149.16174388839585
1311,133.62643849522232,130.71355319524235,32,57.66166982663068
1312,122.24808162231955,129.32878169214945,32,37.0568793119501
1313,129.49249955668608,128.2355086724916,32,91.21615856042507
1314,135.76594791467008,126.72341518983986,32,37.38375737305168
1315,-12.03237794369322,122.92526726478373,32,22.83332236670724
1316,46.93622105459772,124.17000077101687,32,43.35755748689783
1317,149.30081948821123,123.3550728970798,32,68.889749448828
1318,37.7947222196355,123.93686328249709,32,24.144393410265344
1319,135.74734821446467,122.79821118563787,32,87.22280668852684
1320,176.1046418213719,121.93146898558672,32,149.66249515379604
1321,143.79055239724738,121.31479756110919,32,103.44603300077324
1322,121.74385974239861,119.65518078948215,32,68.88556006695939
1323,130.5134233472187,122.6021833139663,32,97.98243024670153
1324,143.34240007089164,125.37819834837254,32,66.62321248642608
1325,-16.43746894255068,124.83696055365358,32,18.654639415091516
1326,155.38048900628863,125.64377866693259,32,60.26086383404587
1327,136.55894291197666,123.81062040612443,32,51.63320876531415
1328,38.4564422410256,121.64024001950784,32,44.06217082714391
1329,27.139073907120988,118.02588186780511,32,18.287645522704157
1330,148.14203302719952,121.20014771759142,32,41.81153174332817
1331,162.45488689508204,120.4107247976873,32,107.37831482866945
1332,-27.869775738764304,115.77617048416091,32,15.97809569602889
1333,140.97909586463732,114.73068129287796,32,93.09591036559918
1334,8.850156258892227,111.5698781049446,32,53.04562369175684
1335,1.2651258791076003,109.39810363362416,32,44.146202910361396
1336,162.32944867490704,112.74827463249125,32,187.54827889408546
1337,151.47291180637944,112.57840591610707,32,26.783156882883052
1338,157.6268098633649,112.7413780025558,32,115.89174739125683
1339,153.69528645105686,113.28902300478576,32,73.32565274302382
1340,29.42063970006086,109.66130586501926,32,24.16928626349939
1341,-23.193313563107168,106.50509576235986,32,29.19663937663025
1342,113.4806348988936,109.29744812348262,32,196.17646997206492
1343,23.157541699386783,107.20878563639897,32,28.116900434974426
1344,-5.658009776869164,103.57676467546365,32,35.850685116982724
1345,45.38438617877284,102.37130319712237,32,19.413478424427332
1346,125.53650824967784,102.04356434640965,32,66.97069056989129
1347,11.608984966031088,100.058674353066,32,28.435906843300472
1348,0.41196223220656236,97.88330111464177,32,38.91512498863883
1349,144.88527236802014,99.96371633844961,32,143.25037922008974
1350,40.55973436940178,97.73511359058702,32,46.79773220199127
1351,167.93005140707317,100.06671748486652,32,53.53402081024617
1352,31.217127492009325,98.48193978476246,32,29.13995639378137
1353,129.79980793542566,98.40026830263923,32,97.25866880891807
1354,128.88256396239282,97.67843523733798,32,96.71429618307975
1355,158.88409263712884,96.32807244762448,32,63.358414552187924
1356,136.12764940777257,95.11926598983031,32,166.99063521975856
1357,255.67294552408725,97.17937460900383,32,60.499631068263774
1358,127.85201709424547,99.26923803259992,32,61.69338010836619
1359,139.44114684052082,98.63758044549505,32,79.36399706823835
1360,26.023954689230493,96.03687468838656,32,41.82427410625545
1361,137.18893443383988,96.10812460715891,32,57.06522729834021
1362,47.73358190538593,94.61783461282022,32,28.646077661559254
1363,139.20315624351758,94.81204774655687,32,126.33955035309079
1364,129.03796187190883,94.67748802570162,32,157.48014352738423
1365,143.13149464576756,97.78076547749086,32,45.33788863368952
1366,167.20904194464865,100.18622189529188,32,69.05684297079196
1367,3.3810076142198113,97.26782565781203,32,14.34328758309952
1368,147.06203059654956,99.45317182535032,32,30.50977599623751
1369,135.4912365484994,99.44804959203103,32,95.6484901415866
1370,21.94021309899493,96.36476101758348,32,36.24283592124637
1371,31.71262212725418,94.1232024121836,32,25.353310137496223
1372,46.68293119266636,92.62198384118896,32,27.74984168858627
1373,128.8149680803664,92.58801473585191,32,162.24583926952826
1374,153.65952567015117,92.79435724783711,32,54.754014974968015
1375,230.57845174632982,97.73467566161473,32,71.60813583307183
1376,15.457360797040565,94.93621309742976,32,15.565171786225326
1377,250.62570934399668,97.21754842607015,32,31.96353961560718
1378,50.15144443183064,97.45144846988626,32,39.57679271039302
1379,49.31820398339465,97.89503107141174,32,30.19285942306058
1380,160.0229760900543,98.13264993266884,32,56.60898079168291
1381,20.44296367349999,95.29241146823722,32,35.93491074441257
1382,12.824838524402907,96.10630375350054,32,28.170598863619194
1383,50.06271342728155,94.28797610475344,32,17.505287035474925
1384,153.63986205846538,97.18377022074486,32,90.1579348192224
1385,6.24176789769119,97.28330306111656,32,20.118795616751825
1386,27.98020506646796,94.59631818894775,32,49.26148974035251
1387,43.29326350477763,92.43272522291572,32,41.37774455712958
1388,169.39274693706534,92.66804396438974,32,85.87414378852348
1389,130.0378856660295,92.1948959486892,32,82.96640465118955
1390,58.29959372395433,92.77247502916707,32,28.34762712474727
1391,280.88645517492216,98.85407040392764,32,38.339961939375634
1392,123.58125432244034,99.0560827923986,32,132.1466768262343
1393,9.386024353238966,98.78065244547562,32,32.98588988885326
1394,249.65679719330134,103.88694858487905,32,67.21757132912356
1395,44.4132780036924,103.86752642137742,32,25.916354688342462
1396,24.251392638141596,101.84182410914673,32,39.94569024569109
1397,12.574345433270892,101.86113131849147,32,22.362769340500453
1398,21.50725409149547,102.28303715567728,32,41.71240931307827
1399,-33.93313418534743,98.70666902460992,32,12.131147429197279
1400,30.856780754672485,98.51260995231536,32,17.878493462539613
1401,14.309374620158735,95.44019641657705,32,34.186819998123156
1402,142.55496221510305,97.66695311103894,32,49.6982610254951
1403,29.316315151792622,95.65728325536628,32,55.082205685549376
1404,45.554143815218794,93.99071485242281,32,33.30103705689777
1405,52.80889251945206,91.86921085006927,32,11.026169137173271
1406,33.78571196722146,89.82237210125827,32,26.289110064109867
1407,16.21975492989644,85.03330828937442,32,71.20614992793689
1408,24.94203367312123,82.97510862095193,32,15.754708932485448
1409,21.16975231810288,80.60968073050358,32,42.571618201625846
1410,19.201757091197663,80.47323677854293,32,54.70348968950755
1411,13.357628480017894,77.99661065946648,32,50.06156504805004
1412,-0.24518545471974562,77.03703531226436,32,48.49408755199425
1413,15.124092745586807,74.55545404230575,32,15.418451249617116
1414,-9.501794723788464,71.78465891039181,32,10.306923780475268
1415,33.07260799719225,69.5834811774203,32,46.10501641309307
1416,24.645210576907374,66.73220455006548,32,59.436858948598186
1417,5.490173471779457,66.77438786721666,32,23.28367052396072
1418,32.63880846226638,64.485923424531,32,22.777785085942252
1419,60.49716108080361,62.98604191517708,32,19.848183148702
1420,21.26400894692989,62.97251783213579,32,48.74722248591279
1421,70.5919117317815,63.75010362422634,32,32.30241679650393
1422,133.3052424964859,65.48254985030272,32,85.20520158465055
1423,-16.218274915000805,62.58188499039538,32,54.508816604639485
1424,42.51097802933063,60.35891403757897,32,19.869222411885772
1425,142.69401323692253,58.60122526739082,32,34.576044134919975
1426,38.84438464582428,59.06896574436651,32,72.65049432831104
1427,144.89022595128333,56.95425607651224,32,73.48025524166725
1428,46.05046651282868,56.8722365181322,32,18.890801415518748
1429,-31.885799166084126,55.248156455142606,32,33.944391138788404
1430,67.50975592984591,53.39789205193844,32,13.398576761900976
1431,140.56251033627177,55.80028298519389,32,149.68263322570678
1432,167.19363432701607,58.88765890124614,32,119.93384178421478
1433,21.534673216654312,58.317098097033615,32,48.79059669348988
1434,164.8034411930933,58.54036967972616,32,85.26368298551814
1435,153.2823860957758,61.48118204368786,32,61.84940128116343
1436,161.263360750795,64.14684515737439,32,55.3383727202988
1437,-7.220516284972007,63.13656956157941,32,26.617321015396367
1438,128.9640246048462,62.32799511493502,32,85.48134533968104
1439,273.2755635295666,65.19274867220577,32,53.93173113707312
1440,236.4759112385781,68.75627502249824,32,53.5824630062041
1441,163.86251244617299,66.41579616792325,32,86.54430398467696
1442,134.74504698481184,66.63907202117068,32,98.46888763846064
1443,-20.41630757770642,66.04302538255178,32,18.521077621612246
1444,36.74382834266231,61.784766005538984,32,87.4411872310635
1445,169.6466818233931,64.289434081933,32,95.3563939775289
1446,14.221374622946044,64.08883372162909,32,41.42920257952424
1447,158.5082736172713,67.00751228530909,32,82.38073042189932
1448,235.2693666433829,71.28275453634684,32,27.81227133743462
1449,40.436776843455505,72.77015275692291,32,17.370396871673176
1450,124.53876763011549,74.64379249443176,32,78.49026455197121
1451,211.5904248564899,78.5894134991584,32,55.97147583453574
1452,226.9203678012248,80.27672161088083,32,33.72333144229296
1453,140.20100408777978,82.49441538960056,32,89.8768908396172
1454,-6.919565781433263,81.44494119766753,32,46.810390429057584
1455,-24.257136817346236,79.90362061093155,32,29.592864234516103
1456,135.3654421948518,81.93521521548416,32,185.59236646191584
1457,244.12877154051677,86.49339554769657,32,20.55999095897231
1458,148.27258380891936,88.96000655041254,32,155.43388518103447
1459,141.62235252343143,91.3690585545191,32,100.44038703388397
1460,169.65364413330252,94.37809629536123,32,108.33930715317791
1461,238.78930918807328,98.88672990952232,32,47.749577145613365
1462,16.324666977727333,99.21812695817125,32,41.13860156265197
1463,158.23664248191113,102.08037795289775,32,44.69512872983765
1464,137.84670845455955,105.0273480164647,32,114.21963779800079
1465,24.083215654835115,104.84756016961754,32,64.94023056234242
1466,4.851816393685439,104.45169228595313,32,24.75738101120044
1467,17.907995151121185,104.70004871953994,32,21.43126586235731
1468,41.082779074178404,104.86892813177819,32,7.917670367498563
1469,222.23272425789764,108.10363939532007,32,32.169099288552424
1470,77.15564858478996,109.22147218807727,32,46.90738042533722
1471,230.9594276219682,112.428822505881,32,23.569052474441143
1472,31.174465957862907,110.38620697510856,32,64.26477572378813
1473,50.51317168537099,111.72083590711598,32,48.886264441276325
1474,102.23194297669448,112.91525520606328,32,138.56555927406325
1475,35.713839690191264,110.77565173512865,32,23.710173525654337
1476,-6.254525034064272,109.87367354153086,32,39.62596585951772
1477,26.1679216167135,107.49922745483946,32,10.165939071862049
1478,-5.205305280900063,106.4741120189649,32,29.957993947386836
1479,155.45867602184802,110.22100152272354,32,77.77166968718053
1480,-19.51846284536107,108.48043714721942,32,30.716262012144576
1481,2.3963795422946674,105.71711453133986,32,35.40803606825153
1482,10.818006654255669,102.58960197788466,32,17.830424431866984
1483,119.30157616737526,104.54494003689906,32,81.28716622932782
1484,6.650606159576,101.38188333622871,32,46.83952527205278
1485,142.76861078915323,101.17160783009625,32,139.04203649632197
1486,158.31297613820476,101.11260013784448,32,35.10766152846749
1487,-75.97024600064519,99.73760554353099,32,46.484694684709375
1488,-7.238706646073993,97.01355091851259,32,21.384390541786082
1489,15.662559075955713,91.86129082944036,32,33.122077739177726
1490,-8.783715047363799,86.95609830372153,32,20.65499924532742
1491,5.0203657127737245,83.77925536905356,32,39.28529145513392
1492,25.96830496806281,81.60372052871858,32,31.19055930640922
1493,193.75025654899991,85.88705181125272,32,30.998283458140264
1494,237.165733475968,89.89548991391881,32,25.378916958968354
1495,121.81372716321913,88.93883082071535,32,150.4704919526045
1496,-9.589624633227288,88.46261083559187,32,21.981394845341523
1497,13.695135576854653,85.56634807478353,32,32.23745670765217
1498,122.1435365125474,83.30383147216682,32,112.64612284113763
1499,22.56792177141557,82.94645437072604,32,32.261836896337186